#Scan#	Adduct	CAS_Number	Charge	Compound_Name	Compound_Source	Data_Collector	ExactMass	FileScanUniqueID	INCHI	INCHI_AUX	Instrument	IonMode	Ion_Source	LibMZ	LibraryName	LibraryQualityString	Library_Class	MQScore	MZErrorPPM	MassDiff	NumberHits	Organism	PI	Precursor_MZ	Pubmed_ID	RT_Query	SharedPeaks	Smiles	SpecCharge	SpecMZ	SpectrumFile	SpectrumID	TIC_Query	UpdateWorkflowName	tags
1027	M+H-H2O	2259065	1	Betulinic acid methyl ester	Isolated	NIST	0.0	spectra/specs_ms.pklbin1027	N/A	N/A	HCD	Positive	ESI	453.373	lib-00026.mgf	Bronze	3	0.70378	1.34625	0.000610352	1	NIST17	NIST	453.373	N/A	522.45	10	N/A	1	453.372	spectra/specs_ms.pklbin	CCMSLIB00003390848	6803	UPDATE-SINGLE-ANNOTATED-BRONZE	 
1048	M+NH4	n/a	1	NCGC00169670-02!(2S,3R,4S,5S,6R)-2-[4-[(3S,3aR,6S,6aR)-3-(4-hydroxy-3,5-dimethoxyphenyl)-1,3,3a,4,6,6a-hexahydrofuro[3,4-c]furan-6-yl]-2,6-dimethoxyphenoxy]-6-(hydroxymethyl)oxane-3,4,5-triol	isolated	lfnothias	580.216	spectra/specs_ms.pklbin1048	InChI=1S/C28H36O13/c1-34-16-5-12(6-17(35-2)21(16)30)25-14-10-39-26(15(14)11-38-25)13-7-18(36-3)27(19(8-13)37-4)41-28-24(33)23(32)22(31)20(9-29)40-28/h5-8,14-15,20,22-26,28-33H,9-11H2,1-4H3/t14-,15-,20+,22+,23-,24+,25+,26+,28-/m0/s1	N/A	Maxis II HD Q-TOF Bruker	positive	LC-ESI	598.25	lib-00001.mgf	Gold	1	0.830829	1.3263	0.000793457	1	GNPS-NIH-NATURALPRODUCTSLIBRARY_ROUND2_POSITIVE	Jadhav/Dorrestein	598.25	n/a	192.82	15	COC1=CC(=CC(OC)=C1O)[C@H]2OC[C@H]3[C@@H]2CO[C@@H]3C4=CC(OC)=C(O[C@@H]5O[C@H](CO)[C@@H](O)[C@H](O)[C@H]5O)C(OC)=C4	1	598.249	spectra/specs_ms.pklbin	CCMSLIB00000847220	128472	UPDATE-SINGLE-ANNOTATED-GOLD	 
1076	M+H	589684	1	Spectral Match to Glycerol 1-myristate from NIST14	Isolated	Data deposited by ckapono	0.0	spectra/specs_ms.pklbin1076	N/A	N/A	QqQ	Positive	ESI	303.256	lib-00025.mgf	Bronze	3	0.920634	11.5728	0.00350952	1	GNPS-NIST14-MATCHES	Data from ckapono	303.256	N/A	394.53	14	N/A	1	303.253	spectra/specs_ms.pklbin	CCMSLIB00003136820	22824	UPDATE-SINGLE-ANNOTATED-BRONZE	 
1082	M+H	n/a	1	NCGC00385377-01_C19H32O7_4-(2,6,6-Trimethyl-4-oxo-2-cyclohexen-1-yl)-2-butanyl beta-D-glucopyranoside	isolated	lfnothias	372.215	spectra/specs_ms.pklbin1082	InChI=1S/C19H32O7/c1-10-7-12(21)8-19(3,4)13(10)6-5-11(2)25-18-17(24)16(23)15(22)14(9-20)26-18/h7,11,13-18,20,22-24H,5-6,8-9H2,1-4H3/t11?,13?,14-,15-,16+,17-,18-/m1/s1	N/A	Maxis II HD Q-TOF Bruker	positive	LC-ESI	373.222	lib-00001.mgf	Gold	1	0.804216	0.735911	0.000274658	1	GNPS-NIH-NATURALPRODUCTSLIBRARY_ROUND2_POSITIVE	Jadhav/Dorrestein	373.222	n/a	192.64	8	CC(CCC1\C(=C/C(=O)CC1(C)C)C)O[C@@H]2O[C@H](CO)[C@@H](O)[C@H](O)[C@H]2O	1	373.222	spectra/specs_ms.pklbin	CCMSLIB00000849466	66694	UPDATE-SINGLE-ANNOTATED-GOLD	 
1115	M+H	56219104	1	Palmitoleic acid ethyl ester	Isolated	NIST	0.0	spectra/specs_ms.pklbin1115	InChI=1S/C18H34O2/c1-3-5-6-7-8-9-10-11-12-13-14-15-16-17-18(19)20-4-2/h9-10H,3-8,11-17H2,1-2H3/b10-9-	N/A	HCD	Positive	ESI	283.263	lib-00026.mgf	Bronze	3	0.835203	0	0	1	NIST17	NIST	283.263	N/A	424.64	10	CCCCCCC=CCCCCCCCC(=O)OCC	1	283.263	spectra/specs_ms.pklbin	CCMSLIB00003354404	86140	UPDATE-SINGLE-ANNOTATED-BRONZE	 
1128	M+H	N/A	1	Spectral Match to Phe-Leu from NIST14	Isolated	Data deposited by fevargas	0.0	spectra/specs_ms.pklbin1128	N/A	N/A	Q-TOF	Positive	ESI	279.17	lib-00025.mgf	Bronze	3	0.895046	1.85836	0.000518799	1	GNPS-NIST14-MATCHES	Data from Chris Turck	279.17	N/A	164.91	7	N/A	1	279.169	spectra/specs_ms.pklbin	CCMSLIB00003134492	37716	UPDATE-SINGLE-ANNOTATED-BRONZE	 
1168	M+H	N/A	1	Spectral Match to 1-Octadecanoyl-sn-glycero-3-phosphocholine from NIST14	Isolated	Data deposited by mjmeehan	0.0	spectra/specs_ms.pklbin1168	N/A	N/A	Q-TOF	Positive	ESI	524.369	lib-00025.mgf	Bronze	3	0.765739	10.3594	0.00543213	1	GNPS-NIST14-MATCHES	Data from Gabriel Haddad	524.369	N/A	452.83	6	N/A	1	524.364	spectra/specs_ms.pklbin	CCMSLIB00003137252	17177	UPDATE-SINGLE-ANNOTATED-BRONZE	 
1185	[M+H]+	6197-30-4	1	MassbankEU:SM814103 Octocrylene|2-Ethylhexyl 2-cyano-3,3-diphenylprop-2-enoate|2-Ethylhexyl 2-cyano-3,3-diphenylacrylate	Isolated	Massbank	0.0	spectra/specs_ms.pklbin1185	1S/C24H27NO2/c1-3-5-12-19(4-2)18-27-24(26)22(17-25)23(20-13-8-6-9-14-20)21-15-10-7-11-16-21/h6-11,13-16,19H,3-5,12,18H2,1-2H3	N/A	LC-ESI-QFT	Positive	ESI	362.211	lib-00010.mgf	Bronze	3	0.860608	1.68507	0.000610352	1	MASSBANKEU	Massbank EU	362.211	N/A	441.65	7	CCCCC(CC)COC(=O)C(C#N)=C(C1=CC=CC=C1)C1=CC=CC=C1	1	362.212	spectra/specs_ms.pklbin	CCMSLIB00000841551	311368	UPDATE-SINGLE-ANNOTATED-BRONZE	 
1223	M+H	78513	1	Tris(2-butoxyethyl) phosphate	Isolated	NIST	0.0	spectra/specs_ms.pklbin1223	InChI=1S/C18H39O7P/c1-4-7-10-20-13-16-23-26(19,24-17-14-21-11-8-5-2)25-18-15-22-12-9-6-3/h4-18H2,1-3H3	N/A	HCD	Positive	ESI	399.251	lib-00026.mgf	Bronze	3	0.893154	1.75805	0.000701904	1	NIST17	NIST	399.251	N/A	371.94	10	CCCCOCCOP(=O)(OCCOCCCC)OCCOCCCC	1	399.25	spectra/specs_ms.pklbin	CCMSLIB00003265639	45179	UPDATE-SINGLE-ANNOTATED-BRONZE	 
1246	M+H-H2O	112801	1	Oleic acid	Isolated	NIST	0.0	spectra/specs_ms.pklbin1246	InChI=1S/C18H34O2/c1-2-3-4-5-6-7-8-9-10-11-12-13-14-15-16-17-18(19)20/h9-10H,2-8,11-17H2,1H3,(H,19,20)/b10-9-	N/A	HCD	Positive	ESI	265.253	lib-00026.mgf	Bronze	3	0.770254	0.690306	0.000183105	1	NIST17	NIST	265.253	N/A	465.71	9	CCCCCCCCC=CCCCCCCCC(=O)O	1	265.252	spectra/specs_ms.pklbin	CCMSLIB00003440661	8128	UPDATE-SINGLE-ANNOTATED-BRONZE	 
1247	M+H	54232596	1	Spectral Match to 9-Oxo-10E,12Z-octadecadienoic acid from NIST14	Isolated	Data deposited by lfnothias	0.0	spectra/specs_ms.pklbin1247	N/A	N/A	HCD	Positive	ESI	295.226	lib-00025.mgf	Bronze	3	0.797979	1.65392	0.000488281	1	GNPS-NIST14-MATCHES	Data from Pieter Dorrestein	295.226	N/A	328.35	10	N/A	1	295.227	spectra/specs_ms.pklbin	CCMSLIB00003136345	11760	UPDATE-SINGLE-ANNOTATED-BRONZE	 
127	M+H	 	1	Benzalkonium chloride (C12)	Lysate	Quinn	0.0	spectra/specs_ms.pklbin127	 	 	qTof	Positive	LC-ESI	304.29	lib-00011.mgf	Bronze	3	0.976681	32.1934	0.00979614	1	GNPS-LIBRARY	Dorrestein	304.29	 	344.92	9	 	1	304.3	spectra/specs_ms.pklbin	CCMSLIB00000531495	298583	UPDATE-SINGLE-ANNOTATED-BRONZE	Quaternary Ammonium Compound[Chemical Family]
1283	M+H	54835-70-0	1	roseoside	Isolated	TJ Ling	386.194	spectra/specs_ms.pklbin1283	 	 	qTof	Positive	LC-ESI	387.203	lib-00011.mgf	Bronze	3	0.814573	5.20182	0.00201416	1	GNPS-LIBRARY	TJ Ling	387.203	 	154.13	7	CC([C@@](/C=C/[C@H](O[C@H]1[C@H](O)[C@@H](O)[C@H](O)[C@@H](CO)O1)C)(O)C(C)(C)C2)=CC2=O	1	387.201	spectra/specs_ms.pklbin	CCMSLIB00000579260	53362	UPDATE-SINGLE-ANNOTATED-BRONZE	 
1291	M+H	3443821	1	Spectral Match to 2-Linoleoylglycerol from NIST14	Isolated	Data deposited by tal_lk	0.0	spectra/specs_ms.pklbin1291	N/A	N/A	IT/ion trap	Positive	ESI	355.286	lib-00025.mgf	Bronze	3	0.892729	9.62033	0.00341797	1	GNPS-NIST14-MATCHES	Data from Cichewicz	355.286	N/A	355.13	12	N/A	1	355.283	spectra/specs_ms.pklbin	CCMSLIB00003136187	16298	UPDATE-SINGLE-ANNOTATED-BRONZE	 
1307	M+NH4	n/a	1	NCGC00180141-02!2-[[7-hydroxy-1-(4-hydroxy-3,5-dimethoxyphenyl)-3-(hydroxymethyl)-6,8-dimethoxy-1,2,3,4-tetrahydronaphthalen-2-yl]methoxy]-6-(hydroxymethyl)oxane-3,4,5-triol	isolated	lfnothias	582.231	spectra/specs_ms.pklbin1307	InChI=1S/C28H38O13/c1-36-16-7-13(8-17(37-2)22(16)31)20-15(11-40-28-26(35)25(34)23(32)19(10-30)41-28)14(9-29)5-12-6-18(38-3)24(33)27(39-4)21(12)20/h6-8,14-15,19-20,23,25-26,28-35H,5,9-11H2,1-4H3	N/A	Maxis II HD Q-TOF Bruker	positive	LC-ESI	600.265	lib-00001.mgf	Gold	1	0.890526	0.203361	0.00012207	1	GNPS-NIH-NATURALPRODUCTSLIBRARY_ROUND2_POSITIVE	Jadhav/Dorrestein	600.265	n/a	170.89	9	COC1=CC(=CC(OC)=C1O)C2C(COC3OC(CO)C(O)C(O)C3O)C(CO)CC4=C2C(OC)=C(O)C(OC)=C4	1	600.265	spectra/specs_ms.pklbin	CCMSLIB00000847309	133459	UPDATE-SINGLE-ANNOTATED-GOLD	 
1320	M+H	544354	1	Spectral Match to Linoleic acid ethyl ester from NIST14	Isolated	Data deposited by rsilva	0.0	spectra/specs_ms.pklbin1320	N/A	N/A	HCD	Positive	ESI	309.278	lib-00025.mgf	Bronze	3	0.720511	0.592042	0.000183105	1	GNPS-NIST14-MATCHES	Data from Rob Knight	309.278	N/A	428.28	7	N/A	1	309.278	spectra/specs_ms.pklbin	CCMSLIB00003139267	22120	UPDATE-SINGLE-ANNOTATED-BRONZE	 
1322	M+H	101901-73-9	0	12-OAHSA	Isolated	N/A	0.0	spectra/specs_ms.pklbin1322	N/A	N/A	LC-ESI-QTOF	Positive-10eV	LC-ESI	565.519	lib-00027.mgf	Bronze	3	0.802633	1.29513	0.000732422	1	METLIN	Metlin	565.519	N/A	465.85	14	N/A	1	565.518	spectra/specs_ms.pklbin	CCMSLIB00000490850	128416	UPDATE-SINGLE-ANNOTATED-BRONZE	 
1361	M+H-CH5N	72695	1	Nortriptyline	Isolated	NIST	0.0	spectra/specs_ms.pklbin1361	InChI=1S/C19H21N/c1-20-14-6-11-19-17-9-4-2-7-15(17)12-13-16-8-3-5-10-18(16)19/h2-5,7-11,20H,6,12-14H2,1H3	N/A	HCD	Positive	ESI	233.133	lib-00026.mgf	Bronze	3	0.889883	0	0	1	NIST17	NIST	233.133	N/A	250.8	7	CNCCC=C1C2=CC=CC=C2CCC3=CC=CC=C31	1	233.133	spectra/specs_ms.pklbin	CCMSLIB00003362402	3648	UPDATE-SINGLE-ANNOTATED-BRONZE	 
1388	M+H	624179	1	Spectral Match to Diethyl azelate from NIST14	Isolated	Data deposited by lfnothias	0.0	spectra/specs_ms.pklbin1388	N/A	N/A	HCD	Positive	ESI	245.175	lib-00025.mgf	Bronze	3	0.888479	0.809072	0.000198364	1	GNPS-NIST14-MATCHES	Data from Pieter Dorrestein	245.175	N/A	350.53	9	N/A	1	245.175	spectra/specs_ms.pklbin	CCMSLIB00003135402	53613	UPDATE-SINGLE-ANNOTATED-BRONZE	 
1400	M+H	37515610	1	Monopalmitolein (9c)	Isolated	NIST	0.0	spectra/specs_ms.pklbin1400	InChI=1S/C19H36O4/c1-2-3-4-5-6-7-8-9-10-11-12-13-14-15-19(22)23-17-18(21)16-20/h7-8,18,20-21H,2-6,9-17H2,1H3/b8-7-	N/A	HCD	Positive	ESI	329.269	lib-00026.mgf	Bronze	3	0.82009	0.648781	0.000213623	1	NIST17	NIST	329.269	N/A	408.1	10	CCCCCCC=CCCCCCCCC(=O)OCC(CO)O	1	329.269	spectra/specs_ms.pklbin	CCMSLIB00003302671	44048	UPDATE-SINGLE-ANNOTATED-BRONZE	 
1407	M+H-H2O	123999	1	Azelaic acid	Isolated	NIST	0.0	spectra/specs_ms.pklbin1407	InChI=1S/C9H16O4/c10-8(11)6-4-2-1-3-5-7-9(12)13/h1-7H2,(H,10,11)(H,12,13)	N/A	HCD	Positive	ESI	171.102	lib-00026.mgf	Bronze	3	0.896136	1.15934	0.000198364	1	NIST17	NIST	171.102	N/A	193.66	6	C(CCCC(=O)O)CCCC(=O)O	1	171.101	spectra/specs_ms.pklbin	CCMSLIB00003465529	13268	UPDATE-SINGLE-ANNOTATED-BRONZE	 
145	M+H	693710	1	trans-13-Octadecenoic acid	Isolated	NIST	0.0	spectra/specs_ms.pklbin145	InChI=1S/C18H34O2/c1-2-3-4-5-6-7-8-9-10-11-12-13-14-15-16-17-18(19)20/h5-6H,2-4,7-17H2,1H3,(H,19,20)/b6-5+	N/A	HCD	Positive	ESI	283.263	lib-00026.mgf	Bronze	3	0.777824	0	0	1	NIST17	NIST	283.263	N/A	465.79	8	CCCCC=CCCCCCCCCCCCC(=O)O	1	283.263	spectra/specs_ms.pklbin	CCMSLIB00003722195	70776	UPDATE-SINGLE-ANNOTATED-BRONZE	 
1459	M+H	19420565	1	Spectral Match to 1-(9Z-Octadecenoyl)-sn-glycero-3-phosphocholine from NIST14	Isolated	Data deposited by eriche	0.0	spectra/specs_ms.pklbin1459	N/A	N/A	HCD	Positive	ESI	522.353	lib-00025.mgf	Bronze	3	0.762245	3.03801	0.00158691	1	GNPS-NIST14-MATCHES	Data from Piel, Dittmann	522.353	N/A	367.5	8	N/A	1	522.355	spectra/specs_ms.pklbin	CCMSLIB00003138594	78744	UPDATE-SINGLE-ANNOTATED-BRONZE	 
1486	M+H	478931827	1	Spectral Match to trans-EKODE-(E)-Ib from NIST14	Isolated	Data deposited by amelnik	0.0	spectra/specs_ms.pklbin1486	N/A	N/A	HCD	Positive	ESI	311.221	lib-00025.mgf	Bronze	3	0.851417	0.980576	0.000305176	1	GNPS-NIST14-MATCHES	Data from Rob Knight 	311.221	N/A	346.26	6	N/A	1	311.221	spectra/specs_ms.pklbin	CCMSLIB00003136081	12665	UPDATE-SINGLE-ANNOTATED-BRONZE	 
1500	M+H	105835-44-7	0	15-OxoEDE	Isolated	N/A	0.0	spectra/specs_ms.pklbin1500	N/A	N/A	LC-ESI-QTOF	Positive-10eV	LC-ESI	323.258	lib-00027.mgf	Bronze	3	0.827323	5.19234	0.00167847	1	METLIN	Metlin	323.258	N/A	394.53	9	N/A	1	323.256	spectra/specs_ms.pklbin	CCMSLIB00000499725	33996	UPDATE-SINGLE-ANNOTATED-BRONZE	 
1501	M+H	530574	1	Spectral Match to Syringic acid from NIST14	Isolated	Data deposited by abouslimani	0.0	spectra/specs_ms.pklbin1501	N/A	N/A	QqQ	Positive	ESI	199.06	lib-00025.mgf	Bronze	3	0.947895	0.996505	0.000198364	1	GNPS-NIST14-MATCHES	Data from Maria Gloria Dominguez-Bello and Pieter Dorrestein	199.06	N/A	148.71	7	N/A	1	199.06	spectra/specs_ms.pklbin	CCMSLIB00003139277	10483	UPDATE-SINGLE-ANNOTATED-BRONZE	Trihydroxybenzoic Acid[Chemical Family]
1559	M+H	32164026	1	Spectral Match to Heptadecasphinganine from NIST14	Isolated	Data deposited by quinnr	0.0	spectra/specs_ms.pklbin1559	N/A	N/A	QqIT	Positive	ESI	288.289	lib-00025.mgf	Bronze	3	0.841495	1.37615	0.000396729	1	GNPS-NIST14-MATCHES	Data from Dorrestein/Knight	288.289	N/A	320.14	6	N/A	1	288.289	spectra/specs_ms.pklbin	CCMSLIB00003136798	36780	UPDATE-SINGLE-ANNOTATED-BRONZE	 
1601	M+H	n/a	1	NCGC00380746-01!1,7-bis(4-hydroxyphenyl)heptane-3,5-diol	isolated	lfnothias	316.167	spectra/specs_ms.pklbin1601	InChI=1S/C19H24O4/c20-16-7-1-14(2-8-16)5-11-18(22)13-19(23)12-6-15-3-9-17(21)10-4-15/h1-4,7-10,18-23H,5-6,11-13H2	N/A	Maxis II HD Q-TOF Bruker	positive	LC-ESI	317.174	lib-00001.mgf	Gold	1	0.842979	1.25082	0.000396729	1	GNPS-NIH-NATURALPRODUCTSLIBRARY_ROUND2_POSITIVE	Jadhav/Dorrestein	317.174	n/a	198.46	8	OC(CCC1=CC=C(O)C=C1)CC(O)CCC2=CC=C(O)C=C2	1	317.174	spectra/specs_ms.pklbin	CCMSLIB00000848791	42798	UPDATE-SINGLE-ANNOTATED-GOLD	 
1615	M+H	n/a	1	NCGC00347403-02_C30H42O12_1,7-Bis(4-hydroxyphenyl)-3-heptanyl 6-O-[(2S,3R,4R)-3,4-dihydroxy-4-(hydroxymethyl)tetrahydro-2-furanyl]-beta-D-glucopyranoside	isolated	lfnothias	594.268	spectra/specs_ms.pklbin1615	InChI=1S/C30H42O12/c31-16-30(38)17-40-29(27(30)37)39-15-23-24(34)25(35)26(36)28(42-23)41-22(14-9-19-7-12-21(33)13-8-19)4-2-1-3-18-5-10-20(32)11-6-18/h5-8,10-13,22-29,31-38H,1-4,9,14-17H2/t22?,23-,24-,25+,26-,27+,28-,29+,30-/m1/s1	N/A	Maxis II HD Q-TOF Bruker	positive	LC-ESI	595.275	lib-00001.mgf	Gold	1	0.785015	0.512664	0.000305176	1	GNPS-NIH-NATURALPRODUCTSLIBRARY_ROUND2_POSITIVE	Jadhav/Dorrestein	595.275	n/a	224.57	19	OC[C@@]1(O)CO[C@H](OC[C@H]2O[C@@H](OC(CCCCC3=CC=C(O)C=C3)CCC4=CC=C(O)C=C4)[C@H](O)[C@@H](O)[C@@H]2O)[C@@H]1O	1	595.275	spectra/specs_ms.pklbin	CCMSLIB00000853068	42708	UPDATE-SINGLE-ANNOTATED-GOLD	 
165	M+H	542449	1	Spectral Match to 1-Hexadecanoyl-sn-glycerol from NIST14	Isolated	Data deposited by negarg	0.0	spectra/specs_ms.pklbin165	N/A	N/A	QqQ	Positive	ESI	331.285	lib-00025.mgf	Bronze	3	0.924124	2.39509	0.000793457	1	GNPS-NIST14-MATCHES	Data from Scott Kelly	331.285	N/A	433.13	11	N/A	1	331.284	spectra/specs_ms.pklbin	CCMSLIB00003136438	161816	UPDATE-SINGLE-ANNOTATED-BRONZE	 
1682	M+NH4	n/a	1	NCGC00347403-02_C30H42O12_1,7-Bis(4-hydroxyphenyl)-3-heptanyl 6-O-[(2S,3R,4R)-3,4-dihydroxy-4-(hydroxymethyl)tetrahydro-2-furanyl]-beta-D-glucopyranoside	isolated	lfnothias	594.268	spectra/specs_ms.pklbin1682	InChI=1S/C30H42O12/c31-16-30(38)17-40-29(27(30)37)39-15-23-24(34)25(35)26(36)28(42-23)41-22(14-9-19-7-12-21(33)13-8-19)4-2-1-3-18-5-10-20(32)11-6-18/h5-8,10-13,22-29,31-38H,1-4,9,14-17H2/t22?,23-,24-,25+,26-,27+,28-,29+,30-/m1/s1	N/A	Maxis II HD Q-TOF Bruker	positive	LC-ESI	612.301	lib-00001.mgf	Gold	1	0.720372	0.398726	0.000244141	1	GNPS-NIH-NATURALPRODUCTSLIBRARY_ROUND2_POSITIVE	Jadhav/Dorrestein	612.301	n/a	224.64	17	OC[C@@]1(O)CO[C@H](OC[C@H]2O[C@@H](OC(CCCCC3=CC=C(O)C=C3)CCC4=CC=C(O)C=C4)[C@H](O)[C@@H](O)[C@@H]2O)[C@@H]1O	1	612.301	spectra/specs_ms.pklbin	CCMSLIB00000853070	32924	UPDATE-SINGLE-ANNOTATED-GOLD	 
1728	[M+H]+	50-48-6	1	Massbank:FIO00474 Amitryptiline	Isolated	Massbank	0.0	spectra/specs_ms.pklbin1728	1S/C20H23N/c1-21(2)15-7-12-20-18-10-5-3-8-16(18)13-14-17-9-4-6-11-19(17)20/h3-6,8-12H,7,13-15H2,1-2H3	N/A	LC-ESI-QTOF	Positive	ESI	278.191	lib-00003.mgf	Bronze	3	0.978731	0.767901	0.000213623	1	MASSBANK	Putative Massbank Match	278.191	N/A	162.97	12	CN(C)CCC=C(c21)c(c3)c(ccc3)CCc(cccc2)1	1	278.191	spectra/specs_ms.pklbin	CCMSLIB00000214320	124026	UPDATE-SINGLE-ANNOTATED-BRONZE	 
1751	M+H	1732101	1	Dimethyl azelate	Isolated	NIST	0.0	spectra/specs_ms.pklbin1751	InChI=1S/C11H20O4/c1-14-10(12)8-6-4-3-5-7-9-11(13)15-2/h3-9H2,1-2H3	N/A	HCD	Positive	ESI	217.143	lib-00026.mgf	Bronze	3	0.74101	0	0	1	NIST17	NIST	217.143	N/A	252.11	6	COC(=O)CCCCCCCC(=O)OC	1	217.143	spectra/specs_ms.pklbin	CCMSLIB00003407502	76608	UPDATE-SINGLE-ANNOTATED-BRONZE	 
1780	[M+H]+	N/A	1	MoNA:782704 Gabapentin Related Compound E	isolated	MoNA	0.0	spectra/specs_ms.pklbin1780	InChI=1S/C9H14O4/c10-7(11)6-9(8(12)13)4-2-1-3-5-9/h1-6H2,(H,10,11)(H,12,13)	N/A	LC-ESI-QFT	 	LC-ESI-QFT	187.096	lib-00024.mgf	Bronze	3	0.796369	1.63112	0.000305176	1	MONA	MoNA	187.096	N/A	152.27	7	N/A	1	187.096	spectra/specs_ms.pklbin	CCMSLIB00000567986	18103	UPDATE-SINGLE-ANNOTATED-BRONZE	 
1795	M+H	3386183	1	Spectral Match to Nonaethylene glycol from NIST14	Isolated	Data deposited by fevargas	0.0	spectra/specs_ms.pklbin1795	N/A	N/A	QqQ	Positive	ESI	415.256	lib-00025.mgf	Bronze	3	0.951862	6.02626	0.00250244	1	GNPS-NIST14-MATCHES	Data from Rob Knight and Pieter Dorrestein	415.256	N/A	162.41	14	N/A	1	415.254	spectra/specs_ms.pklbin	CCMSLIB00003138980	210945	UPDATE-SINGLE-ANNOTATED-BRONZE	 
1800	M+H	5579668	1	Spectral Match to Decaethylene glycol from NIST14	Isolated	Data deposited by fevargas	0.0	spectra/specs_ms.pklbin1800	N/A	N/A	QqQ	Positive	ESI	459.286	lib-00025.mgf	Bronze	3	0.969065	13.2891	0.00610352	1	GNPS-NIST14-MATCHES	Data from Rob Knight and Pieter Dorrestein	459.286	N/A	168.78	18	N/A	1	459.28	spectra/specs_ms.pklbin	CCMSLIB00003135802	467933	UPDATE-SINGLE-ANNOTATED-BRONZE	 
1808	M+H	17243140	1	Spectral Match to Didodecyl 3,3'-thiodipropionate oxide from NIST14	Isolated	Data deposited by mernst	0.0	spectra/specs_ms.pklbin1808	N/A	N/A	QqQ	Positive	ESI	531.408	lib-00025.mgf	Bronze	3	0.953981	3.1011	0.00164795	1	GNPS-NIST14-MATCHES	Data from Pieter Dorrestein	531.408	N/A	536.85	19	N/A	1	531.406	spectra/specs_ms.pklbin	CCMSLIB00003140026	75641	UPDATE-SINGLE-ANNOTATED-BRONZE	 
186	M+H	541913	1	Muscone	Isolated	NIST	0.0	spectra/specs_ms.pklbin186	InChI=1S/C16H30O/c1-15-12-10-8-6-4-2-3-5-7-9-11-13-16(17)14-15/h15H,2-14H2,1H3	N/A	IT-FT/ion trap with FTMS	Positive	ESI	239.237	lib-00026.mgf	Bronze	3	0.750426	1.21184	0.000289917	1	NIST17	NIST	239.237	N/A	459.26	6	CC1CCCCCCCCCCCCC(=O)C1	1	239.237	spectra/specs_ms.pklbin	CCMSLIB00003400508	8652	UPDATE-SINGLE-ANNOTATED-BRONZE	 
1968	M+H	96960928	1	Hexadecylmethylglycerol	Isolated	NIST	0.0	spectra/specs_ms.pklbin1968	InChI=1S/C20H42O3/c1-3-4-5-6-7-8-9-10-11-12-13-14-15-16-17-23-19-20(18-21)22-2/h20-21H,3-19H2,1-2H3/t20-/m0/s1	N/A	HCD	Positive	ESI	331.321	lib-00026.mgf	Bronze	3	0.811235	0.644762	0.000213623	1	NIST17	NIST	331.321	N/A	491.06	7	CCCCCCCCCCCCCCCCOCC(CO)OC	1	331.32	spectra/specs_ms.pklbin	CCMSLIB00003329374	42532	UPDATE-SINGLE-ANNOTATED-BRONZE	 
2018	M+H	6809707	1	Spectral Match to Undecaethylene glycol from NIST14	Isolated	Data deposited by fevargas	0.0	spectra/specs_ms.pklbin2018	N/A	N/A	QqQ	Positive	ESI	503.311	lib-00025.mgf	Bronze	3	0.867946	9.94392	0.00500488	1	GNPS-NIST14-MATCHES	Data from Karly Nisson	503.311	N/A	173.72	19	N/A	1	503.306	spectra/specs_ms.pklbin	CCMSLIB00003135327	263698	UPDATE-SINGLE-ANNOTATED-BRONZE	 
2033	M+H	2615158	1	Hexaethylene glycol	Isolated	NIST	0.0	spectra/specs_ms.pklbin2033	InChI=1S/C12H26O7/c13-1-3-15-5-7-17-9-11-19-12-10-18-8-6-16-4-2-14/h13-14H,1-12H2	N/A	IT-FT/ion trap with FTMS	Positive	ESI	283.175	lib-00026.mgf	Bronze	3	0.966532	2.15539	0.000610352	1	NIST17	NIST	283.175	N/A	135.79	8	C(COCCOCCOCCOCCOCCO)O	1	283.174	spectra/specs_ms.pklbin	CCMSLIB00003303610	70705	UPDATE-SINGLE-ANNOTATED-BRONZE	 
2035	M+H	1843056	1	Octabenzone	Isolated	NIST	0.0	spectra/specs_ms.pklbin2035	InChI=1S/C21H26O3/c1-2-3-4-5-6-10-15-24-18-13-14-19(20(22)16-18)21(23)17-11-8-7-9-12-17/h7-9,11-14,16,22H,2-6,10,15H2,1H3	N/A	HCD	Positive	ESI	327.195	lib-00026.mgf	Bronze	3	0.830903	16.229	0.00531006	1	NIST17	NIST	327.195	N/A	146.88	7	CCCCCCCCOC1=CC(=C(C=C1)C(=O)C2=CC=CC=C2)O	1	327.201	spectra/specs_ms.pklbin	CCMSLIB00003313933	154244	UPDATE-SINGLE-ANNOTATED-BRONZE	 
2063	M+H	n/a	1	NCGC00380271-01_C24H40O11_2-Cyclohexen-1-one, 3,5,5-trimethyl-4-[3-[(6-O-beta-D-xylopyranosyl-beta-D-glucopyranosyl)oxy]butyl]-	isolated	lfnothias	504.257	spectra/specs_ms.pklbin2063	InChI=1S/C24H40O11/c1-11-7-13(25)8-24(3,4)14(11)6-5-12(2)34-23-21(31)19(29)18(28)16(35-23)10-33-22-20(30)17(27)15(26)9-32-22/h7,12,14-23,26-31H,5-6,8-10H2,1-4H3/t12?,14?,15-,16-,17+,18-,19+,20-,21-,22+,23-/m1/s1	N/A	Maxis II HD Q-TOF Bruker	positive	LC-ESI	505.264	lib-00001.mgf	Gold	1	0.82881	0.966388	0.000488281	1	GNPS-NIH-NATURALPRODUCTSLIBRARY_ROUND2_POSITIVE	Jadhav/Dorrestein	505.264	n/a	186.58	10	CC(CCC1\C(=C/C(=O)CC1(C)C)C)O[C@@H]2O[C@H](CO[C@@H]3OC[C@@H](O)[C@H](O)[C@H]3O)[C@@H](O)[C@H](O)[C@H]2O	1	505.264	spectra/specs_ms.pklbin	CCMSLIB00000852541	62940	UPDATE-SINGLE-ANNOTATED-GOLD	 
2126	M+H	70356091	1	Spectral Match to Avobenzone from NIST14	Isolated	Data deposited by alchemistmatt	0.0	spectra/specs_ms.pklbin2126	N/A	N/A	HCD	Positive	ESI	311.164	lib-00025.mgf	Bronze	3	0.935719	0.686529	0.000213623	1	GNPS-NIST14-MATCHES	Data from Katrina Waters;Yoshihiro Kawaoka;Richard Smith;Thomas Metz;Ralph Baric	311.164	N/A	433.86	8	N/A	1	311.164	spectra/specs_ms.pklbin	CCMSLIB00003139723	274652	UPDATE-SINGLE-ANNOTATED-BRONZE	 
222	M+H	117840	1	Spectral Match to Dioctyl phthalate from NIST14	Isolated	Data deposited by lfnothias	0.0	spectra/specs_ms.pklbin222	N/A	N/A	QqQ	Positive	ESI	391.285	lib-00025.mgf	Bronze	3	0.932193	3.04174	0.00119019	1	GNPS-NIST14-MATCHES	Data from Pieter Dorrestein	391.285	N/A	500.83	6	N/A	1	391.284	spectra/specs_ms.pklbin	CCMSLIB00003140247	434793	UPDATE-SINGLE-ANNOTATED-BRONZE	 
2304	M+H-CH4O	1120258	1	Methyl palmitoleate	Isolated	NIST	0.0	spectra/specs_ms.pklbin2304	InChI=1S/C17H32O2/c1-3-4-5-6-7-8-9-10-11-12-13-14-15-16-17(18)19-2/h8-9H,3-7,10-16H2,1-2H3/b9-8-	N/A	IT-FT/ion trap with FTMS	Positive	ESI	237.221	lib-00026.mgf	Bronze	3	0.832631	0	0	1	NIST17	NIST	237.221	N/A	432.61	7	CCCCCCC=CCCCCCCCC(=O)OC	1	237.221	spectra/specs_ms.pklbin	CCMSLIB00003423799	22808	UPDATE-SINGLE-ANNOTATED-BRONZE	 
2327	M+H	 	1	cis-9,10-methylene-hexadecanoic acid	Crude	M Sandoval	268.24	spectra/specs_ms.pklbin2327	 	 	qTof	Positive	LC-ESI	269.248	lib-00011.mgf	Bronze	3	0.869114	1.8135	0.000488281	1	GNPS-LIBRARY	Dorrestein	269.248	 	449.3	10	 	1	269.247	spectra/specs_ms.pklbin	CCMSLIB00000075362	73180	UPDATE-SINGLE-ANNOTATED-BRONZE	 
2383	M+H-H2O	263399344	1	9,10-Dihydroxy-12Z-octadecenoic acid	Isolated	NIST	0.0	spectra/specs_ms.pklbin2383	InChI=1S/C18H34O4/c1-2-3-4-5-7-10-13-16(19)17(20)14-11-8-6-9-12-15-18(21)22/h7,10,16-17,19-20H,2-6,8-9,11-15H2,1H3,(H,21,22)/b10-7-/t16-,17-/m0/s1	N/A	IT-FT/ion trap with FTMS	Positive	ESI	297.242	lib-00026.mgf	Bronze	3	0.75094	2.05338	0.000610352	1	NIST17	NIST	297.242	N/A	315.67	7	CCCCCC=CCC(C(CCCCCCCC(=O)O)O)O	1	297.242	spectra/specs_ms.pklbin	CCMSLIB00003260953	10784	UPDATE-SINGLE-ANNOTATED-BRONZE	 
2391	M+Na	78513	1	Spectral Match to Tris(2-butoxyethyl) phosphate from NIST14	Isolated	Data deposited by dfloros	398.243	spectra/specs_ms.pklbin2391	N/A	N/A	qTof	Positive	LC-ESI	421.232	lib-00025.mgf	Bronze	3	0.713122	0.941829	0.000396729	1	GNPS-NIST14-MATCHES	Data from P Dorrestein	421.232	N/A	371.91	6	N/A	1	421.232	spectra/specs_ms.pklbin	CCMSLIB00003138821	9496	UPDATE-SINGLE-ANNOTATED-BRONZE	 
2394	M+Na	N/A	1	Spectral Match to 1-Hexadecanoyl-sn-glycero-3-phosphocholine from NIST14	Isolated	Data deposited by fevargas	0.0	spectra/specs_ms.pklbin2394	N/A	N/A	Q-TOF	Positive	ESI	518.321	lib-00025.mgf	Bronze	3	0.884583	1.88409	0.000976562	1	GNPS-NIST14-MATCHES	Data from Joshua Wollam	518.321	N/A	356.02	7	N/A	1	518.32	spectra/specs_ms.pklbin	CCMSLIB00003139839	3107	UPDATE-SINGLE-ANNOTATED-BRONZE	 
242	M+H-H2O	61949824	1	9(10)-Epoxy-12Z-octadecenoic acid	Isolated	NIST	0.0	spectra/specs_ms.pklbin242	InChI=1S/C18H32O3/c1-2-3-4-5-7-10-13-16-17(21-16)14-11-8-6-9-12-15-18(19)20/h7,10,16-17H,2-6,8-9,11-15H2,1H3,(H,19,20)/b10-7-/t16-,17+/m1/s1	N/A	HCD	Positive	ESI	279.232	lib-00026.mgf	Bronze	3	0.746522	1.42079	0.000396729	1	NIST17	NIST	279.232	N/A	358.45	7	CCCCCC=CCC1C(O1)CCCCCCCC(=O)O	1	279.232	spectra/specs_ms.pklbin	CCMSLIB00003256605	33848	UPDATE-SINGLE-ANNOTATED-BRONZE	 
2423	M+H	97789	1	Spectral Match to N-Lauroylsarcosine from NIST14	Isolated	Data deposited by daniel	0.0	spectra/specs_ms.pklbin2423	N/A	N/A	QqQ	Positive	ESI	272.222	lib-00025.mgf	Bronze	3	0.946127	0	0	1	GNPS-NIST14-MATCHES	Data from PC Dorrestein	272.222	N/A	350.05	6	N/A	1	272.222	spectra/specs_ms.pklbin	CCMSLIB00003136471	32891	UPDATE-SINGLE-ANNOTATED-BRONZE	 
2436	M+H	4792158	1	Pentaethylene glycol	Isolated	NIST	0.0	spectra/specs_ms.pklbin2436	InChI=1S/C10H22O6/c11-1-3-13-5-7-15-9-10-16-8-6-14-4-2-12/h11-12H,1-10H2	N/A	HCD	Positive	ESI	239.149	lib-00026.mgf	Bronze	3	0.965702	0.829459	0.000198364	1	NIST17	NIST	239.149	N/A	118.46	7	C(COCCOCCOCCOCCO)O	1	239.149	spectra/specs_ms.pklbin	CCMSLIB00003440919	18066	UPDATE-SINGLE-ANNOTATED-BRONZE	 
2470	M+H	84742	1	Spectral Match to Dibutyl phthalate from NIST14	Isolated	Data deposited by abouslimani	0.0	spectra/specs_ms.pklbin2470	N/A	N/A	QqQ	Positive	ESI	279.161	lib-00025.mgf	Bronze	3	0.976088	7.21505	0.00201416	1	GNPS-NIST14-MATCHES	Data from Maria Gloria Dominguez-Bello and Pieter Dorrestein	279.161	N/A	183.53	8	N/A	1	279.159	spectra/specs_ms.pklbin	CCMSLIB00003140244	177847	UPDATE-SINGLE-ANNOTATED-BRONZE	 
2472	M+H-H2O	123944	1	1-Stearoyl-rac-glycerol	Isolated	NIST	0.0	spectra/specs_ms.pklbin2472	InChI=1S/C21H42O4/c1-2-3-4-5-6-7-8-9-10-11-12-13-14-15-16-17-21(24)25-19-20(23)18-22/h20,22-23H,2-19H2,1H3	N/A	IT-FT/ion trap with FTMS	Positive	ESI	341.305	lib-00026.mgf	Bronze	3	0.703761	0.536486	0.000183105	1	NIST17	NIST	341.305	N/A	466.29	6	CCCCCCCCCCCCCCCCCC(=O)OCC(CO)O	1	341.305	spectra/specs_ms.pklbin	CCMSLIB00003480681	3853	UPDATE-SINGLE-ANNOTATED-BRONZE	 
249	M-H2O+H	n/a	1	NCGC00347704-02_C24H32O7_2H-Oxireno[1,10a]phenanthro[3,2-b]furan-10(11bH)-one, 5,7-bis(acetyloxy)-3,3a,4,5,6,7,7a,7b,8,8a-decahydro-4,4,7a,11-tetramethyl-, (1aS,3aR,5S,7S,7aR,7bS,8aR,11bR)-	isolated	lfnothias	432.215	spectra/specs_ms.pklbin249	InChI=1S/C24H32O7/c1-11-19-14(30-21(11)27)9-16-23(6)15(7-8-24(16)20(19)31-24)22(4,5)17(28-12(2)25)10-18(23)29-13(3)26/h14-18,20H,7-10H2,1-6H3/t14-,15-,16+,17+,18+,20-,23-,24+/m1/s1	N/A	Maxis II HD Q-TOF Bruker	positive	LC-ESI	415.211	lib-00001.mgf	Gold	1	0.907942	1.69048	0.000701904	1	GNPS-NIH-NATURALPRODUCTSLIBRARY_ROUND2_POSITIVE	Jadhav/Dorrestein	415.211	n/a	318.34	6	CC(=O)O[C@H]1C[C@H](OC(C)=O)[C@]2(C)[C@H](CC[C@@]34O[C@@H]3C/5=C(C)/C(=O)O[C@@H]5C[C@@H]24)C1(C)C	1	415.212	spectra/specs_ms.pklbin	CCMSLIB00000853048	227020	UPDATE-SINGLE-ANNOTATED-GOLD	 
2493	M+H-O3S	1253436	1	Cortisol 21-sulfate	Isolated	NIST	0.0	spectra/specs_ms.pklbin2493	InChI=1S/C21H30O8S/c1-19-7-5-13(22)9-12(19)3-4-14-15-6-8-21(25,17(24)11-29-30(26,27)28)20(15,2)10-16(23)18(14)19/h9,14-16,18,23,25H,3-8,10-11H2,1-2H3,(H,26,27,28)/t14-,15-,16-,18+,19-,20-,21-/m0/s1	N/A	HCD	Positive	ESI	363.217	lib-00026.mgf	Bronze	3	0.90256	1.68041	0.000610352	1	NIST17	NIST	363.217	N/A	233.69	14	CC12CCC(=O)C=C1CCC3C2C(CC4(C3CCC4(C(=O)COS(=O)(=O)O)O)C)O	1	363.216	spectra/specs_ms.pklbin	CCMSLIB00003615201	14949	UPDATE-SINGLE-ANNOTATED-BRONZE	 
2513	M+H	115866	1	Spectral Match to Triphenyl phosphate from NIST14	Isolated	Data deposited by amelnik	0.0	spectra/specs_ms.pklbin2513	N/A	N/A	QqQ	Positive	ESI/APCI	327.079	lib-00025.mgf	Bronze	3	0.887754	3.07901	0.00100708	1	GNPS-NIST14-MATCHES	Data from P.Dorrestein	327.079	N/A	355.81	7	N/A	1	327.078	spectra/specs_ms.pklbin	CCMSLIB00003138054	13090	UPDATE-SINGLE-ANNOTATED-BRONZE	 
2547	M+H-H2O	506138	1	16-Hydroxyhexadecanoic acid	Isolated	NIST	0.0	spectra/specs_ms.pklbin2547	InChI=1S/C16H32O3/c17-15-13-11-9-7-5-3-1-2-4-6-8-10-12-14-16(18)19/h17H,1-15H2,(H,18,19)	N/A	IT-FT/ion trap with FTMS	Positive	ESI	255.232	lib-00026.mgf	Bronze	3	0.773425	1.19568	0.000305176	1	NIST17	NIST	255.232	N/A	148.19	6	C(CCCCCCCC(=O)O)CCCCCCCO	1	255.232	spectra/specs_ms.pklbin	CCMSLIB00003527361	6461	UPDATE-SINGLE-ANNOTATED-BRONZE	 
2616	M+H	68171528	1	Linoleoyl ethanolamide	Isolated	NIST	0.0	spectra/specs_ms.pklbin2616	InChI=1S/C20H37NO2/c1-2-3-4-5-6-7-8-9-10-11-12-13-14-15-16-17-20(23)21-18-19-22/h6-7,9-10,22H,2-5,8,11-19H2,1H3,(H,21,23)/b7-6-,10-9-	N/A	IT-FT/ion trap with FTMS	Positive	ESI	324.29	lib-00026.mgf	Bronze	3	0.727142	0.941059	0.000305176	1	NIST17	NIST	324.29	N/A	396.29	9	CCCCCC=CCC=CCCCCCCCC(=O)NCCO	1	324.289	spectra/specs_ms.pklbin	CCMSLIB00003483687	55400	UPDATE-SINGLE-ANNOTATED-BRONZE	 
2716	[M+H]+	490-46-0	1	Massbank:FIO00067 (-)-Epicatechin	Isolated	Massbank	0.0	spectra/specs_ms.pklbin2716	1S/C15H14O6/c16-8-4-11(18)9-6-13(20)15(21-14(9)5-8)7-1-2-10(17)12(19)3-7/h1-5,13,15-20H,6H2/t13-,15-/m1/s1	N/A	LC-ESI-QTOF	Positive	ESI	291.087	lib-00003.mgf	Bronze	3	0.908437	3.45972	0.00100708	1	MASSBANK	Putative Massbank Match	291.087	N/A	102.9	6	Oc(c3)c(O)cc(c3)[C@@H](O1)[C@H](O)Cc(c(O)2)c(cc(O)c2)1	1	291.086	spectra/specs_ms.pklbin	CCMSLIB00000213699	5899	UPDATE-SINGLE-ANNOTATED-BRONZE	 
276	M+H	 	0	Sorbitane Monostearate - Polysorbate 60 in-source fragment	Lysate	AMelnik	0.0	spectra/specs_ms.pklbin276	 	 	qTof	Positive	LC-ESI	430.38	lib-00011.mgf	Bronze	3	0.940927	20.4216	0.00878906	1	GNPS-LIBRARY	PDorretein	430.38	 	398.8	8	CCCCCCCCCCCCCCCCCC(=O)OCC(C1C(C(CO1)O)O)O	1	430.389	spectra/specs_ms.pklbin	CCMSLIB00000577481	181624	UPDATE-SINGLE-ANNOTATED-BRONZE	 
277	M+H-H2O	123784	1	D-erythro-N-stearoylsphingosine	Isolated	NIST	0.0	spectra/specs_ms.pklbin277	InChI=1S/C18H37NO2/c1-2-3-4-5-6-7-8-9-10-11-12-13-14-15-18(21)17(19)16-20/h14-15,17-18,20-21H,2-13,16,19H2,1H3/b15-14+/t17-,18+/m0/s1	N/A	IT-FT/ion trap with FTMS	Positive	ESI	282.279	lib-00026.mgf	Bronze	3	0.833316	0.756779	0.000213623	1	NIST17	NIST	282.279	N/A	334.62	10	CCCCCCCCCCCCCC=CC(C(CO)N)O	1	282.279	spectra/specs_ms.pklbin	CCMSLIB00003336696	17200	UPDATE-SINGLE-ANNOTATED-BRONZE	 
2806	M+H	86386734	1	Spectral Match to Fluconazole from NIST14	Isolated	Data deposited by fevargas	0.0	spectra/specs_ms.pklbin2806	N/A	N/A	QqQ	Positive	in source ESI	307.115	lib-00025.mgf	Bronze	3	0.974741	4.57095	0.00140381	1	GNPS-NIST14-MATCHES	Data from Rob Knight and Pieter Dorrestein	307.115	N/A	171.23	12	N/A	1	307.114	spectra/specs_ms.pklbin	CCMSLIB00003135571	277224	UPDATE-SINGLE-ANNOTATED-BRONZE	 
2814	[M+H]+	256393-37-0	1	Massbank:EA066011 Galaxolidone|1,3,4,6,7,8-Hexahydro-4,6,6,7,8,8-hexamethylcyclopenta[g]-2-benzopyran-1-on	Isolated	Massbank	0.0	spectra/specs_ms.pklbin2814	1S/C18H24O2/c1-10-9-20-16(19)13-8-15-14(7-12(10)13)17(3,4)11(2)18(15,5)6/h7-8,10-11H,9H2,1-6H3	N/A	LC-ESI-ITFT	Positive	ESI	273.185	lib-00003.mgf	Bronze	3	0.851568	4.3567	0.00119019	1	MASSBANK	Putative Massbank Match	273.185	N/A	377.65	6	CC2(C)c1cc3C(=O)OCC(C)c3cc1C(C)(C)C2C	1	273.184	spectra/specs_ms.pklbin	CCMSLIB00000208684	14613	UPDATE-SINGLE-ANNOTATED-BRONZE	 
284	M+H	n/a	1	NCGC00385223-01!(2R,3S)-7-[(2S,3R,4R)-3,4-dihydroxy-4-(hydroxymethyl)oxolan-2-yl]oxy-2-(3,4-dihydroxyphenyl)-3,4-dihydro-2H-chromene-3,5-diol	isolated	lfnothias	422.121	spectra/specs_ms.pklbin284	InChI=1S/C20H22O10/c21-7-20(27)8-28-19(18(20)26)29-10-4-13(23)11-6-15(25)17(30-16(11)5-10)9-1-2-12(22)14(24)3-9/h1-5,15,17-19,21-27H,6-8H2/t15-,17+,18-,19-,20+/m0/s1	N/A	Maxis II HD Q-TOF Bruker	positive	LC-ESI	423.128	lib-00001.mgf	Gold	1	0.830163	0.721238	0.000305176	1	GNPS-NIH-NATURALPRODUCTSLIBRARY_ROUND2_POSITIVE	Jadhav/Dorrestein	423.128	n/a	131.02	8	OC[C@@]1(O)CO[C@@H](OC2=CC(O)=C3C[C@H](O)[C@H](OC3=C2)C4=CC(O)=C(O)C=C4)[C@@H]1O	1	423.128	spectra/specs_ms.pklbin	CCMSLIB00000848636	88453	UPDATE-SINGLE-ANNOTATED-GOLD	 
2876	M+H	N/A	0	Ser Ser Ile	Isolated	N/A	0.0	spectra/specs_ms.pklbin2876	N/A	N/A	LC-ESI-QTOF	Positive-10eV	LC-ESI	306.166	lib-00027.mgf	Bronze	3	0.95783	2.19288	0.000671387	1	METLIN	Metlin	306.166	N/A	62.86	11	N/A	1	306.165	spectra/specs_ms.pklbin	CCMSLIB00000514467	16131	UPDATE-SINGLE-ANNOTATED-BRONZE	 
2887	M+H	56219-10-4	0	Palmitoleic Acid ethyl ester	Isolated	N/A	0.0	spectra/specs_ms.pklbin2887	InChI=1S/C18H34O2/c1-3-5-6-7-8-9-10-11-12-13-14-15-16-17-18(19)20-4-2/h9-10H,3-8,11-17H2,1-2H3/b10-9-	N/A	LC-ESI-QTOF	Positive-0eV	LC-ESI	283.263	lib-00027.mgf	Bronze	3	0.834619	0.323207	9.15527e-05	1	METLIN	Metlin	283.263	N/A	498.57	6	N/A	1	283.263	spectra/specs_ms.pklbin	CCMSLIB00000497332	43012	UPDATE-SINGLE-ANNOTATED-BRONZE	 
2893	M+H	693-72-1	0	Vaccenic acid	Isolated	N/A	0.0	spectra/specs_ms.pklbin2893	InChI=1S/C18H34O2/c1-2-3-4-5-6-7-8-9-10-11-12-13-14-15-16-17-18(19)20/h7-8H,2-6,9-17H2,1H3,(H,19,20)/b8-7+	N/A	LC-ESI-QTOF	Positive-0eV	LC-ESI	283.263	lib-00027.mgf	Bronze	3	0.711866	0.646415	0.000183105	1	METLIN	Metlin	283.263	N/A	162.21	7	N/A	1	283.263	spectra/specs_ms.pklbin	CCMSLIB00000527125	3716	UPDATE-SINGLE-ANNOTATED-BRONZE	 
2930	M+H	2091396	1	cis-11,14-Eicosadienoic acid	Isolated	NIST	0.0	spectra/specs_ms.pklbin2930	InChI=1S/C20H36O2/c1-2-3-4-5-6-7-8-9-10-11-12-13-14-15-16-17-18-19-20(21)22/h6-7,9-10H,2-5,8,11-19H2,1H3,(H,21,22)/b7-6-,10-9-	N/A	HCD	Positive	ESI	309.279	lib-00026.mgf	Bronze	3	0.760939	1.28275	0.000396729	1	NIST17	NIST	309.279	N/A	474.57	8	CCCCCC=CCC=CCCCCCCCCCC(=O)O	1	309.278	spectra/specs_ms.pklbin	CCMSLIB00003336343	20944	UPDATE-SINGLE-ANNOTATED-BRONZE	 
2939	M+H	544649	1	Myristoleic acid	Isolated	NIST	0.0	spectra/specs_ms.pklbin2939	InChI=1S/C14H26O2/c1-2-3-4-5-6-7-8-9-10-11-12-13-14(15)16/h5-6H,2-4,7-13H2,1H3,(H,15,16)/b6-5-	N/A	Q-TOF	Positive	ESI	227.201	lib-00026.mgf	Bronze	3	0.795502	0.87308	0.000198364	1	NIST17	NIST	227.201	N/A	393.35	6	CCCCC=CCCCCCCCC(=O)O	1	227.201	spectra/specs_ms.pklbin	CCMSLIB00003234061	154684	UPDATE-SINGLE-ANNOTATED-BRONZE	 
3007	M+NH4	n/a	1	NCGC00385199-01!2-[3,4-bis[[(2S,3R,4S,5S,6R)-3,4,5-trihydroxy-6-(hydroxymethyl)oxan-2-yl]oxy]phenyl]-5,7-dihydroxychromen-4-one	isolated	lfnothias	610.153	spectra/specs_ms.pklbin3007	InChI=1S/C27H30O16/c28-7-17-20(33)22(35)24(37)26(42-17)40-13-2-1-9(14-6-12(32)19-11(31)4-10(30)5-16(19)39-14)3-15(13)41-27-25(38)23(36)21(34)18(8-29)43-27/h1-6,17-18,20-31,33-38H,7-8H2/t17-,18-,20-,21-,22+,23+,24-,25-,26-,27-/m1/s1	N/A	Maxis II HD Q-TOF Bruker	positive	LC-ESI	628.187	lib-00001.mgf	Gold	1	0.796858	11.5621	0.00726318	1	GNPS-NIH-NATURALPRODUCTSLIBRARY_ROUND2_POSITIVE	Jadhav/Dorrestein	628.187	n/a	492.14	20	OC[C@H]1O[C@@H](OC2=C(O[C@@H]3O[C@H](CO)[C@@H](O)[C@H](O)[C@H]3O)C=C(C=C2)C4=CC(=O)C5=C(O)C=C(O)C=C5O4)[C@H](O)[C@@H](O)[C@@H]1O	1	628.194	spectra/specs_ms.pklbin	CCMSLIB00000847749	186868	UPDATE-SINGLE-ANNOTATED-GOLD	 
3055	[M+H]+	50-48-6	1	Massbank:FIO00475 Amitryptiline	Isolated	Massbank	0.0	spectra/specs_ms.pklbin3055	1S/C20H23N/c1-21(2)15-7-12-20-18-10-5-3-8-16(18)13-14-17-9-4-6-11-19(17)20/h3-6,8-12H,7,13-15H2,1-2H3	N/A	LC-ESI-QTOF	Positive	ESI	278.191	lib-00003.mgf	Bronze	3	0.920507	4.6074	0.00128174	1	MASSBANK	Putative Massbank Match	278.191	N/A	269.13	10	CN(C)CCC=C(c21)c(c3)c(ccc3)CCc(cccc2)1	1	278.192	spectra/specs_ms.pklbin	CCMSLIB00000214322	575784	UPDATE-SINGLE-ANNOTATED-BRONZE	 
3097	M+H	159701210	1	Spectral Match to 1-Palmitoyl-2-linoleoyl-sn-glycero-3-phosphocholine from NIST14	Isolated	Data deposited by lamccall	0.0	spectra/specs_ms.pklbin3097	N/A	N/A	HCD	Positive	ESI	758.572	lib-00025.mgf	Bronze	3	0.738236	14.1611	0.0107422	1	GNPS-NIST14-MATCHES	Data from James McKerrow	758.572	N/A	534.61	6	N/A	1	758.561	spectra/specs_ms.pklbin	CCMSLIB00003136067	44455	UPDATE-SINGLE-ANNOTATED-BRONZE	 
311	M+H	123999	1	Spectral Match to Azelaic acid from NIST14	Isolated	Data deposited by aaksenov	0.0	spectra/specs_ms.pklbin311	N/A	N/A	Q-TOF	Positive	ESI	189.112	lib-00025.mgf	Bronze	3	0.956295	1.61373	0.000305176	1	GNPS-NIST14-MATCHES	Data from Rob Knight	189.112	N/A	194.2	6	N/A	1	189.112	spectra/specs_ms.pklbin	CCMSLIB00003136939	43136	UPDATE-SINGLE-ANNOTATED-BRONZE	 
317	M+H	6918-48-5	1	C17_Sphingosine 	Commercial standard	Amina	285.267	spectra/specs_ms.pklbin317	N/A	N/A	Q-TOF	Positive	ESI	286.274	lib-00011.mgf	Silver	2	0.913119	0.426411	0.00012207	1	GNPS-LIBRARY	Dorrestein	286.274	N/A	317.63	8	CCCCCCCCCCCCC=CC(C(CO)N)O	1	286.274	spectra/specs_ms.pklbin	CCMSLIB00000077201	74916	UPDATE-SINGLE-ANNOTATED-SILVER	 
3247	M+H	54232596	1	Spectral Match to 9-Oxo-10E,12Z-octadecadienoic acid from NIST14	Isolated	Data deposited by lfnothias	0.0	spectra/specs_ms.pklbin3247	N/A	N/A	HCD	Positive	ESI	295.226	lib-00025.mgf	Bronze	3	0.856067	0.930332	0.000274658	1	GNPS-NIST14-MATCHES	Data from Pieter Dorrestein	295.226	N/A	203.19	10	N/A	1	295.226	spectra/specs_ms.pklbin	CCMSLIB00003136345	14782	UPDATE-SINGLE-ANNOTATED-BRONZE	 
3298	M+H	3319311	1	Tri-2-ethylhexyl trimellitate	Isolated	NIST	0.0	spectra/specs_ms.pklbin3298	InChI=1S/C33H54O6/c1-7-13-16-25(10-4)22-37-31(34)28-19-20-29(32(35)38-23-26(11-5)17-14-8-2)30(21-28)33(36)39-24-27(12-6)18-15-9-3/h19-21,25-27H,7-18,22-24H2,1-6H3	N/A	IT-FT/ion trap with FTMS	Positive	ESI	547.399	lib-00026.mgf	Bronze	3	0.896355	1.8955	0.0010376	1	NIST17	NIST	547.399	N/A	469.58	8	CCCCC(CC)COC(=O)C1=CC(=C(C=C1)C(=O)OCC(CC)CCCC)C(=O)OCC(CC)CCCC	1	547.4	spectra/specs_ms.pklbin	CCMSLIB00003310239	60138	UPDATE-SINGLE-ANNOTATED-BRONZE	 
341	M+H-H2O	506138	1	16-Hydroxyhexadecanoic acid	Isolated	NIST	0.0	spectra/specs_ms.pklbin341	InChI=1S/C16H32O3/c17-15-13-11-9-7-5-3-1-2-4-6-8-10-12-14-16(18)19/h17H,1-15H2,(H,18,19)	N/A	HCD	Positive	ESI	255.232	lib-00026.mgf	Bronze	3	0.751235	0	0	1	NIST17	NIST	255.232	N/A	433.3	8	C(CCCCCCCC(=O)O)CCCCCCCO	1	255.232	spectra/specs_ms.pklbin	CCMSLIB00003527360	132848	UPDATE-SINGLE-ANNOTATED-BRONZE	Dihydroxypalmitic Acid[Chemical Family]
3427	M+H	17364168	1	1-Palmitoyl-sn-glycero-3-phosphocholine	Isolated	NIST	0.0	spectra/specs_ms.pklbin3427	InChI=1S/C24H50NO7P/c1-5-6-7-8-9-10-11-12-13-14-15-16-17-18-24(27)30-21-23(26)22-32-33(28,29)31-20-19-25(2,3)4/h23,26H,5-22H2,1-4H3/t23-/m1/s1	N/A	Q-TOF	Positive	ESI	496.34	lib-00026.mgf	Bronze	3	0.867772	20.3516	0.0101013	1	NIST17	NIST	496.34	N/A	400.34	6	CCCCCCCCCCCCCCCC(=O)OCC(COP(=O)([O-])OCC[N+](C)(C)C)O	1	496.33	spectra/specs_ms.pklbin	CCMSLIB00003235171	18395	UPDATE-SINGLE-ANNOTATED-BRONZE	 
36	M+H	112845	1	Erucamide	Isolated	NIST	0.0	spectra/specs_ms.pklbin36	InChI=1S/C22H43NO/c1-2-3-4-5-6-7-8-9-10-11-12-13-14-15-16-17-18-19-20-21-22(23)24/h9-10H,2-8,11-21H2,1H3,(H2,23,24)/b10-9-	N/A	HCD	Positive	ESI	338.342	lib-00026.mgf	Bronze	3	0.815544	0.631383	0.000213623	1	NIST17	NIST	338.342	N/A	507.17	11	CCCCCCCCC=CCCCCCCCCCCCC(=O)N	1	338.341	spectra/specs_ms.pklbin	CCMSLIB00003270769	123968	UPDATE-SINGLE-ANNOTATED-BRONZE	 
3739	M+H	52794806	1	Hexapropylene glycol	Isolated	NIST	0.0	spectra/specs_ms.pklbin3739	InChI=1S/C18H38O7/c1-13(20)8-21-15(3)10-23-17(5)12-25-18(6)11-24-16(4)9-22-14(2)7-19/h13-20H,7-12H2,1-6H3	N/A	Q-TOF	Positive	ESI	367.269	lib-00026.mgf	Bronze	3	0.759897	1.41259	0.000518799	1	NIST17	NIST	367.269	N/A	228.97	10	CC(CO)OCC(C)OCC(C)OCC(C)OCC(C)OCC(C)O	1	367.268	spectra/specs_ms.pklbin	CCMSLIB00003231102	358422	UPDATE-SINGLE-ANNOTATED-BRONZE	 
375	M+H	N/A	1	TriamcinoloneAcetonide	Isolated	Ed Esquenazi 	0.0	spectra/specs_ms.pklbin375	N/A	N/A	qTof	Positive	LC-ESI	435.218	lib-00007.mgf	Bronze	3	0.895914	1.82313	0.000793457	1	GNPS-SELLECKCHEM-FDA-PART1	Sirenas	435.218	N/A	255.37	14	N/A	1	435.217	spectra/specs_ms.pklbin	CCMSLIB00000005220	141007	UPDATE-SINGLE-ANNOTATED-BRONZE	 
378	M+H	54739309	1	13-Keto-9Z,11E-octadecadienoic acid	Isolated	NIST	0.0	spectra/specs_ms.pklbin378	InChI=1S/C18H30O3/c1-2-3-11-14-17(19)15-12-9-7-5-4-6-8-10-13-16-18(20)21/h7,9,12,15H,2-6,8,10-11,13-14,16H2,1H3,(H,20,21)/b9-7-,15-12+	N/A	HCD	Positive	ESI	295.227	lib-00026.mgf	Bronze	3	0.808384	1.0337	0.000305176	1	NIST17	NIST	295.227	N/A	372.4	7	CCCCCC(=O)C=CC=CCCCCCCCC(=O)O	1	295.227	spectra/specs_ms.pklbin	CCMSLIB00003255572	30456	UPDATE-SINGLE-ANNOTATED-BRONZE	 
3788	M+H+2i	6145739	1	Tris(2-chloropropyl) phosphate	Isolated	NIST	0.0	spectra/specs_ms.pklbin3788	InChI=1S/C9H18Cl3O4P/c1-7(10)4-14-17(13,15-5-8(2)11)16-6-9(3)12/h7-9H,4-6H2,1-3H3	N/A	HCD	Positive	ESI	329.005	lib-00026.mgf	Bronze	3	0.939919	0.371028	0.00012207	1	NIST17	NIST	329.005	N/A	302.18	6	CC(COP(=O)(OCC(C)Cl)OCC(C)Cl)Cl	1	329.005	spectra/specs_ms.pklbin	CCMSLIB00003683885	10358	UPDATE-SINGLE-ANNOTATED-BRONZE	 
3806	M+Na	26853316	1	2-Oleoyl-1-palmitoyl-sn-glycero-3-phosphocholine	Isolated	NIST	0.0	spectra/specs_ms.pklbin3806	InChI=1S/C42H82NO8P/c1-6-8-10-12-14-16-18-20-21-23-25-27-29-31-33-35-42(45)51-40(39-50-52(46,47)49-37-36-43(3,4)5)38-48-41(44)34-32-30-28-26-24-22-19-17-15-13-11-9-7-2/h20-21,40H,6-19,22-39H2,1-5H3/b21-20-/t40-/m1/s1	N/A	HCD	Positive	ESI	782.567	lib-00026.mgf	Bronze	3	0.899292	7.79935	0.00610352	1	NIST17	NIST	782.567	N/A	487.67	6	CCCCCCCCCCCCCCCC(=O)OCC(COP(=O)([O-])OCC[N+](C)(C)C)OC(=O)CCCCCCCC=CCCCCCCCC	1	782.561	spectra/specs_ms.pklbin	CCMSLIB00003268319	22943	UPDATE-SINGLE-ANNOTATED-BRONZE	 
3895	[M+H]+	77-93-0	1	Massbank:UF416904 Triethyl citrate|triethyl 2-hydroxypropane-1,2,3-tricarboxylate	Isolated	Massbank	0.0	spectra/specs_ms.pklbin3895	1S/C12H20O7/c1-4-17-9(13)7-12(16,11(15)19-6-3)8-10(14)18-5-2/h16H,4-8H2,1-3H3	N/A	LC-ESI-ITFT	Positive	ESI	277.128	lib-00003.mgf	Bronze	3	0.910166	3.96435	0.00109863	1	MASSBANK	Putative Massbank Match	277.128	N/A	234.57	6	CCOC(=O)CC(O)(CC(=O)OCC)C(=O)OCC	1	277.129	spectra/specs_ms.pklbin	CCMSLIB00000223818	10996	UPDATE-SINGLE-ANNOTATED-BRONZE	Triester[Chemical Family]
3902	M+H	n/a	1	C16 Lactosyl Ceramide (d18:1/16:0)	Commercial	lfnothias	861.618	spectra/specs_ms.pklbin3902	n/a	N/A	qTof	Positive	LC-ESI	862.625	lib-00021.mgf	Gold	1	0.822377	4.17455	0.00360107	1	GNPS-COLLECTIONS-MISC	Dorrestein/Wu	862.625	n/a	529.97	15	[H][C@](/C=C/CCCCCCCCCCCCC)(O)[C@@]([H])(NC(CCCCCCCCCCCCCCC)=O)CO[C@H](O1)[C@H](O)[C@@H](O)[C@@H]([C@H]1CO)O[C@H](O2)[C@H](O)[C@@H](O)[C@H]([C@H]2CO)O	1	862.621	spectra/specs_ms.pklbin	CCMSLIB00001058187	80296	UPDATE-SINGLE-ANNOTATED-GOLD	 
3903	M+H	124061	1	Myristic acid ethyl ester	Isolated	NIST	0.0	spectra/specs_ms.pklbin3903	InChI=1S/C16H32O2/c1-3-5-6-7-8-9-10-11-12-13-14-15-16(17)18-4-2/h3-15H2,1-2H3	N/A	HCD	Positive	ESI	257.247	lib-00026.mgf	Bronze	3	0.788391	0	0	1	NIST17	NIST	257.247	N/A	496.7	6	CCCCCCCCCCCCCC(=O)OCC	1	257.247	spectra/specs_ms.pklbin	CCMSLIB00003336488	28616	UPDATE-SINGLE-ANNOTATED-BRONZE	 
3983	M+H	58731	1	Spectral Match to Benadryl from NIST14	Isolated	Data deposited by aaksenov	0.0	spectra/specs_ms.pklbin3983	N/A	N/A	QqQ	Positive	ESI	256.17	lib-00025.mgf	Bronze	3	0.920177	2.3826	0.000610352	1	GNPS-NIST14-MATCHES	Data from P. Dorrestein R. Knight	256.17	N/A	222.21	6	N/A	1	256.169	spectra/specs_ms.pklbin	CCMSLIB00003136039	535999	UPDATE-SINGLE-ANNOTATED-BRONZE	 
400	M+H	554-62-1	1	Phytosphingosine	Commercial standard	Amina	317.293	spectra/specs_ms.pklbin400	N/A	N/A	Q-TOF	Positive	ESI	318.301	lib-00011.mgf	Silver	2	0.748257	2.49279	0.000793457	1	GNPS-LIBRARY	Dorrestein	318.301	N/A	322.62	6	CCCCCCCCCCCCCCC(C(C(CO)N)O)O	1	318.3	spectra/specs_ms.pklbin	CCMSLIB00000077198	33464	UPDATE-SINGLE-ANNOTATED-SILVER	 
403	M+ACN+H	n/a	1	NCGC00385123-01_C22H30O6_7b,9-Dihydroxy-3-(hydroxymethyl)-1,1,6,8-tetramethyl-5-oxo-1,1a,1b,4,4a,5,7a,7b,8,9-decahydro-9aH-cyclopropa[3,4]benzo[1,2-e]azulen-9a-yl acetate	isolated	lfnothias	390.204	spectra/specs_ms.pklbin403	InChI=1S/C22H30O6/c1-10-6-15-14(17(10)25)7-13(9-23)8-16-18-20(4,5)22(18,28-12(3)24)19(26)11(2)21(15,16)27/h6,8,11,14-16,18-19,23,26-27H,7,9H2,1-5H3	N/A	Maxis II HD Q-TOF Bruker	positive	LC-ESI	432.238	lib-00001.mgf	Gold	1	0.816489	0	0	1	GNPS-NIH-NATURALPRODUCTSLIBRARY_ROUND2_POSITIVE	Jadhav/Dorrestein	432.238	n/a	318.26	8	CC1C(O)C2(OC(C)=O)C(C3\C=C(CO)/CC4C(\C=C(C)/C4=O)C13O)C2(C)C	1	432.238	spectra/specs_ms.pklbin	CCMSLIB00000853386	79096	UPDATE-SINGLE-ANNOTATED-GOLD	 
412	M+H	60004	1	Spectral Match to Ethylenediaminetetraacetic acid from NIST14	Isolated	Data deposited by fevargas	0.0	spectra/specs_ms.pklbin412	N/A	N/A	Q-TOF	Positive	ESI	293.098	lib-00025.mgf	Bronze	3	0.920403	0.416483	0.00012207	1	GNPS-NIST14-MATCHES	Data from David Relman	293.098	N/A	58.98	7	N/A	1	293.098	spectra/specs_ms.pklbin	CCMSLIB00003134529	17428	UPDATE-SINGLE-ANNOTATED-BRONZE	 
4161	M+H	52794817	1	Octapropylene glycol	Isolated	NIST	0.0	spectra/specs_ms.pklbin4161	InChI=1S/C24H50O9/c1-17(26)10-27-19(3)12-29-21(5)14-31-23(7)16-33-24(8)15-32-22(6)13-30-20(4)11-28-18(2)9-25/h17-26H,9-16H2,1-8H3	N/A	Q-TOF	Positive	ESI	483.353	lib-00026.mgf	Bronze	3	0.804807	0.883922	0.000427246	1	NIST17	NIST	483.353	N/A	271.24	13	CC(CO)OCC(C)OCC(C)OCC(C)OCC(C)OCC(C)OCC(C)OCC(C)O	1	483.352	spectra/specs_ms.pklbin	CCMSLIB00003231135	488823	UPDATE-SINGLE-ANNOTATED-BRONZE	 
4196	M+H	6809707	1	Spectral Match to Undecaethylene glycol from NIST14	Isolated	Data deposited by fevargas	0.0	spectra/specs_ms.pklbin4196	N/A	N/A	QqQ	Positive	ESI	503.311	lib-00025.mgf	Bronze	3	0.844955	7.94301	0.0039978	1	GNPS-NIST14-MATCHES	Data from Karly Nisson	503.311	N/A	215.23	19	N/A	1	503.307	spectra/specs_ms.pklbin	CCMSLIB00003135327	30277	UPDATE-SINGLE-ANNOTATED-BRONZE	 
4250	M+H	111626	1	Spectral Match to Oleic acid ethyl ester from NIST14	Isolated	Data deposited by aaksenov	0.0	spectra/specs_ms.pklbin4250	N/A	N/A	HCD	Positive	ESI	311.297	lib-00025.mgf	Bronze	3	0.708727	9.6073	0.00299072	1	GNPS-NIST14-MATCHES	Data from Karin	311.297	N/A	526.05	8	N/A	1	311.294	spectra/specs_ms.pklbin	CCMSLIB00003138730	14904	UPDATE-SINGLE-ANNOTATED-BRONZE	 
427	M+H	n/a	1	1-desoxymethylsphinganine	commercial	lfnothias	301.298	spectra/specs_ms.pklbin427	n/a	N/A	Maxis II HD Q-TOF Bruker	positive	LC-ESI	302.305	lib-00021.mgf	Gold	1	0.890981	1.0095	0.000305176	1	GNPS-COLLECTIONS-MISC	Dorrestein/Wu	302.305	n/a	337.49	6	CCCCCCCCCCCCCCC[C@H](CN)O	1	302.305	spectra/specs_ms.pklbin	CCMSLIB00001058181	93712	UPDATE-SINGLE-ANNOTATED-GOLD	 
4348	M+H-H2O	263399355	1	Spectral Match to 12,13-DiHOME from NIST14	Isolated	Data deposited by kduncan	0.0	spectra/specs_ms.pklbin4348	N/A	N/A	IT/ion trap	Positive	ESI	297.243	lib-00025.mgf	Bronze	3	0.847516	6.46813	0.00192261	1	GNPS-NIST14-MATCHES	Data from Dr. Katherine R. Duncan	297.243	N/A	158.49	6	N/A	1	297.241	spectra/specs_ms.pklbin	CCMSLIB00003136140	26008	UPDATE-SINGLE-ANNOTATED-BRONZE	 
44	M+H	N/A	1	CocamidopropylBetaine	Cosmetic _raw meterial	Amina	342.288	spectra/specs_ms.pklbin44	N/A	N/A	Q-TOF	Positive	ESI	343.296	lib-00011.mgf	Silver	2	0.915531	0.266687	9.15527e-05	1	GNPS-LIBRARY	Dorrestein	343.296	N/A	284.97	8	CCCCCCCCCCCC(=O)NCCC[N+](C)(C)CC(=O)[O-]	1	343.296	spectra/specs_ms.pklbin	CCMSLIB00000077206	802285	UPDATE-SINGLE-ANNOTATED-SILVER	Surfactant[Chemical Family]
444	M+H	301020	1	Spectral Match to 9-Octadecenamide, (Z)- from NIST14	Isolated	Data deposited by aaksenov	0.0	spectra/specs_ms.pklbin444	N/A	N/A	HCD	Positive	ESI	282.279	lib-00025.mgf	Bronze	3	0.790281	0.432446	0.00012207	1	GNPS-NIST14-MATCHES	Data from P. Dorrestein R. Knight	282.279	N/A	438.83	10	N/A	1	282.279	spectra/specs_ms.pklbin	CCMSLIB00003139836	54096	UPDATE-SINGLE-ANNOTATED-BRONZE	 
4454	209.2	N/A	1	Spectral Match to N-cis-Tetradec-9-enoyl-L-homoserine lactone from NIST14	Isolated	Data deposited by alchemistmatt	0.0	spectra/specs_ms.pklbin4454	N/A	N/A	IT/ion trap	Positive	ESI	209.19	lib-00025.mgf	Bronze	3	0.875538	0	0	1	GNPS-NIST14-MATCHES	Data from Katrina Waters;Yoshihiro Kawaoka;Richard Smith;Thomas Metz;Ralph Baric	209.19	N/A	393.32	6	N/A	1	209.19	spectra/specs_ms.pklbin	CCMSLIB00003136907	10808	UPDATE-SINGLE-ANNOTATED-BRONZE	 
448	M+H	2420566	1	10E,12Z-octadecadienoic acid	Isolated	NIST	0.0	spectra/specs_ms.pklbin448	InChI=1S/C18H32O2/c1-2-3-4-5-6-7-8-9-10-11-12-13-14-15-16-17-18(19)20/h6-9H,2-5,10-17H2,1H3,(H,19,20)/b7-6-,9-8+	N/A	HCD	Positive	ESI	281.247	lib-00026.mgf	Bronze	3	0.852723	0	0	1	NIST17	NIST	281.247	N/A	442.17	11	CCCCCC=CC=CCCCCCCCCC(=O)O	1	281.247	spectra/specs_ms.pklbin	CCMSLIB00003328882	98692	UPDATE-SINGLE-ANNOTATED-BRONZE	 
457	M+H-H2O	2259065	1	Betulinic acid methyl ester	Isolated	NIST	0.0	spectra/specs_ms.pklbin457	N/A	N/A	HCD	Positive	ESI	453.373	lib-00026.mgf	Bronze	3	0.7525	0.87506	0.000396729	1	NIST17	NIST	453.373	N/A	547.88	17	N/A	1	453.372	spectra/specs_ms.pklbin	CCMSLIB00003390848	15908	UPDATE-SINGLE-ANNOTATED-BRONZE	 
463	M+H	103560629	1	4-Oxo-2-nonenal	Isolated	NIST	0.0	spectra/specs_ms.pklbin463	InChI=1S/C9H14O2/c1-2-3-4-6-9(11)7-5-8-10/h5,7-8H,2-4,6H2,1H3/b7-5+	N/A	IT-FT/ion trap with FTMS	Positive	ESI	155.107	lib-00026.mgf	Bronze	3	0.925956	1.27889	0.000198364	1	NIST17	NIST	155.107	N/A	220.33	6	CCCCCC(=O)C=CC=O	1	155.107	spectra/specs_ms.pklbin	CCMSLIB00003356082	23885	UPDATE-SINGLE-ANNOTATED-BRONZE	 
4736	M+H	50974771	1	Heptapropylene glycol	Isolated	NIST	0.0	spectra/specs_ms.pklbin4736	InChI=1S/C21H44O8/c1-15(23)9-24-17(3)11-26-19(5)13-28-21(7)14-29-20(6)12-27-18(4)10-25-16(2)8-22/h15-23H,8-14H2,1-7H3	N/A	Q-TOF	Positive	ESI	425.311	lib-00026.mgf	Bronze	3	0.781055	1.43507	0.000610352	1	NIST17	NIST	425.311	N/A	250.85	9	CC(CO)OCC(C)OCC(C)OCC(C)OCC(C)OCC(C)OCC(C)O	1	425.31	spectra/specs_ms.pklbin	CCMSLIB00003231118	202663	UPDATE-SINGLE-ANNOTATED-BRONZE	 
4743	M+H	117840	1	Spectral Match to Dioctyl phthalate from NIST14	Isolated	Data deposited by lfnothias	0.0	spectra/specs_ms.pklbin4743	N/A	N/A	QqQ	Positive	ESI	391.285	lib-00025.mgf	Bronze	3	0.90524	3.04174	0.00119019	1	GNPS-NIST14-MATCHES	Data from Pieter Dorrestein	391.285	N/A	209.41	6	N/A	1	391.284	spectra/specs_ms.pklbin	CCMSLIB00003140247	15620	UPDATE-SINGLE-ANNOTATED-BRONZE	 
4834	M+H	52828769	1	Nonapropylene glycol	Isolated	NIST	0.0	spectra/specs_ms.pklbin4834	InChI=1S/C27H56O10/c1-19(29)11-30-21(3)13-32-23(5)15-34-25(7)17-36-27(9)18-37-26(8)16-35-24(6)14-33-22(4)12-31-20(2)10-28/h19-29H,10-18H2,1-9H3	N/A	Q-TOF	Positive	ESI	541.395	lib-00026.mgf	Bronze	3	0.784966	2.02926	0.00109863	1	NIST17	NIST	541.395	N/A	289.13	12	CC(CO)OCC(C)OCC(C)OCC(C)OCC(C)OCC(C)OCC(C)OCC(C)OCC(C)O	1	541.393	spectra/specs_ms.pklbin	CCMSLIB00003231151	283435	UPDATE-SINGLE-ANNOTATED-BRONZE	 
485	M+H-H2O	530574	1	Spectral Match to Syringic acid from NIST14	Isolated	Data deposited by pmallard	0.0	spectra/specs_ms.pklbin485	N/A	N/A	HCD	Positive	ESI	181.049	lib-00025.mgf	Bronze	3	0.708631	2.78124	0.00050354	1	GNPS-NIST14-MATCHES	Data from Wolfender/Litaudon	181.049	N/A	177.9	6	N/A	1	181.049	spectra/specs_ms.pklbin	CCMSLIB00003138194	1724	UPDATE-SINGLE-ANNOTATED-BRONZE	 
4916	[M+H]	25122-46-7	1	Clobetasol propionate	Commercial	Garg_Neha	466.192	spectra/specs_ms.pklbin4916	N/A	N/A	qTof	Positive	LC-ESI	467.2	lib-00016.mgf	Gold	1	0.831486	0.653202	0.000305176	1	GNPS-SELLECKCHEM-FDA-PART2	Dorrestein	467.2	N/A	346.6	18	C1C(C=C2[C@](C=1)([C@]3([C@@](CC2)([C@]4([C@](C[C@]3(O)[H])([C@@]([C@](C4)(C)[H])(C(CCl)=O)OC(CC)=O)C)[H])[H])F)C)=O	1	467.2	spectra/specs_ms.pklbin	CCMSLIB00000078521	79183	UPDATE-SINGLE-ANNOTATED-GOLD	Glucocorticoid[Chemical Family]
4941	M+H-C3H4N2	23593751	1	Clotrimazole	Isolated	NIST	0.0	spectra/specs_ms.pklbin4941	InChI=1S/C22H17ClN2/c23-21-14-8-7-13-20(21)22(25-16-15-24-17-25,18-9-3-1-4-10-18)19-11-5-2-6-12-19/h1-17H	N/A	HCD	Positive	ESI	277.078	lib-00026.mgf	Bronze	3	0.91511	1.76225	0.000488281	1	NIST17	NIST	277.078	N/A	256.75	6	C1=CC=C(C=C1)C(C2=CC=CC=C2)(C3=CC=CC=C3Cl)N4C=CN=C4	1	277.078	spectra/specs_ms.pklbin	CCMSLIB00003715986	65244	UPDATE-SINGLE-ANNOTATED-BRONZE	 
4953	M+H	4201-58-5	1	Ceramide (18:1/16:0)	Other	Quinn	537.512	spectra/specs_ms.pklbin4953	 1S/C34H67NO3/c1-3-5-7-9-11-13-15-17-19-21-23-25-27-29-33(37)32(31-36)35-34(38)30-28-26-24-22-20-18-16-14-12-10-8-6-4-2/h27,29,32-33,36-37H,3-26,28,30-31H2,1-2H3,(H,35,38)/b29-27+/t32-,33+/m0/s1	 	qTof	Positive	LC-ESI	538.52	lib-00011.mgf	Bronze	3	0.713013	2.0401	0.00109863	1	GNPS-LIBRARY	Rohwer	538.52	7850623	533.42	9	CCCCCCCCCCCCCCCC(=O)NC(CO)C(C=CCCCCCCCCCCCCC)O	1	538.519	spectra/specs_ms.pklbin	CCMSLIB00000223895	30764	UPDATE-SINGLE-ANNOTATED-BRONZE	 
4985	M+H-2H2O	533879	1	Aleuritic acid	Isolated	NIST	0.0	spectra/specs_ms.pklbin4985	InChI=1S/C16H32O5/c17-13-9-5-4-7-11-15(19)14(18)10-6-2-1-3-8-12-16(20)21/h14-15,17-19H,1-13H2,(H,20,21)/t14-,15+/m1/s1	N/A	IT-FT/ion trap with FTMS	Positive	ESI	269.211	lib-00026.mgf	Bronze	3	0.854904	2.15383	0.000579834	1	NIST17	NIST	269.211	N/A	154.27	6	C(CCCC(C(CCCCCCO)O)O)CCCC(=O)O	1	269.211	spectra/specs_ms.pklbin	CCMSLIB00003576204	15712	UPDATE-SINGLE-ANNOTATED-BRONZE	 
509	M+H	n/a	1	NCGC00385412-01_C21H32O10_2,4-Pentadienoic acid, 5-[(1R,3S,5R,8S)-3-(beta-D-glucopyranosyloxy)-8-hydroxy-1,5-dimethyl-6-oxabicyclo[3.2.1]oct-8-yl]-3-methyl-, (2Z,4E)-	isolated	lfnothias	444.2	spectra/specs_ms.pklbin509	InChI=1S/C21H32O10/c1-11(6-14(23)24)4-5-21(28)19(2)7-12(8-20(21,3)29-10-19)30-18-17(27)16(26)15(25)13(9-22)31-18/h4-6,12-13,15-18,22,25-28H,7-10H2,1-3H3,(H,23,24)/b5-4+,11-6-/t12-,13-,15-,16+,17-,18-,19-,20-,21+/m1/s1	N/A	Maxis II HD Q-TOF Bruker	positive	LC-ESI	445.207	lib-00001.mgf	Gold	1	0.80227	0.89111	0.000396729	1	GNPS-NIH-NATURALPRODUCTSLIBRARY_ROUND2_POSITIVE	Jadhav/Dorrestein	445.207	n/a	158.86	8	CC(/C=C/[C@]1(O)[C@@]2(C)CO[C@]1(C)C[C@@H](C2)O[C@@H]3O[C@H](CO)[C@@H](O)[C@H](O)[C@H]3O)=C/C(O)=O	1	445.207	spectra/specs_ms.pklbin	CCMSLIB00000855127	222813	UPDATE-SINGLE-ANNOTATED-GOLD	 
5162	M+Na	n/a	1	NCGC00180384-03_C22H32O6_(1S,2R,4aR,8aR)-1-Acetoxy-7-isopropylidene-1,4a-dimethyl-6-oxodecahydro-2-naphthalenyl 2,3-dimethyl-2-oxiranecarboxylate	isolated	lfnothias	392.22	spectra/specs_ms.pklbin5162	InChI=1S/C22H32O6/c1-12(2)15-10-17-20(5,11-16(15)24)9-8-18(22(17,7)28-14(4)23)26-19(25)21(6)13(3)27-21/h13,17-18H,8-11H2,1-7H3/t13?,17-,18-,20-,21?,22+/m1/s1	N/A	Maxis II HD Q-TOF Bruker	positive	LC-ESI	415.209	lib-00001.mgf	Gold	1	0.872135	4.77746	0.00198364	1	GNPS-NIH-NATURALPRODUCTSLIBRARY_ROUND2_POSITIVE	Jadhav/Dorrestein	415.209	n/a	157.75	6	CC1OC1(C)C(=O)O[C@@H]2CC[C@]3(C)CC(=O)C(C[C@H]3[C@]2(C)OC(C)=O)=C(C)C	1	415.211	spectra/specs_ms.pklbin	CCMSLIB00000855806	57421	UPDATE-SINGLE-ANNOTATED-GOLD	 
5174	M+H	5593204	1	Betamethasone dipropionate	Isolated	NIST	0.0	spectra/specs_ms.pklbin5174	InChI=1S/C28H37FO7/c1-6-23(33)35-15-22(32)28(36-24(34)7-2)16(3)12-20-19-9-8-17-13-18(30)10-11-25(17,4)27(19,29)21(31)14-26(20,28)5/h10-11,13,16,19-21,31H,6-9,12,14-15H2,1-5H3/t16-,19?,20?,21?,25-,26-,27-,28-/m0/s1	N/A	HCD	Positive	ESI	505.26	lib-00026.mgf	Bronze	3	0.868388	3.92599	0.00198364	1	NIST17	NIST	505.26	N/A	343.55	12	CCC(=O)OCC(=O)C1(C(CC2C1(CC(C3(C2CCC4=CC(=O)C=CC43C)F)O)C)C)OC(=O)CC	1	505.262	spectra/specs_ms.pklbin	CCMSLIB00003284584	33716	UPDATE-SINGLE-ANNOTATED-BRONZE	 
5176	M+H	131860-33-8	0	Azoxystrobin	Isolated	N/A	0.0	spectra/specs_ms.pklbin5176	InChI=1S/C22H17N3O5/c1-27-13-17(22(26)28-2)16-8-4-6-10-19(16)30-21-11-20(24-14-25-21)29-18-9-5-3-7-15(18)12-23/h3-11,13-14H,1-2H3/b17-13+	N/A	LC-ESI-QTOF	Positive-20eV	LC-ESI	404.124	lib-00027.mgf	Bronze	3	0.869026	1.20825	0.000488281	1	METLIN	Metlin	404.124	N/A	315.49	6	N/A	1	404.124	spectra/specs_ms.pklbin	CCMSLIB00000506669	14427	UPDATE-SINGLE-ANNOTATED-BRONZE	 
5198	M+ACN+H	n/a	1	NCGC00385123-01_C22H30O6_7b,9-Dihydroxy-3-(hydroxymethyl)-1,1,6,8-tetramethyl-5-oxo-1,1a,1b,4,4a,5,7a,7b,8,9-decahydro-9aH-cyclopropa[3,4]benzo[1,2-e]azulen-9a-yl acetate	isolated	lfnothias	390.204	spectra/specs_ms.pklbin5198	InChI=1S/C22H30O6/c1-10-6-15-14(17(10)25)7-13(9-23)8-16-18-20(4,5)22(18,28-12(3)24)19(26)11(2)21(15,16)27/h6,8,11,14-16,18-19,23,26-27H,7,9H2,1-5H3	N/A	Maxis II HD Q-TOF Bruker	positive	LC-ESI	432.238	lib-00001.mgf	Gold	1	0.754873	1.20026	0.000518799	1	GNPS-NIH-NATURALPRODUCTSLIBRARY_ROUND2_POSITIVE	Jadhav/Dorrestein	432.238	n/a	164.03	7	CC1C(O)C2(OC(C)=O)C(C3\C=C(CO)/CC4C(\C=C(C)/C4=O)C13O)C2(C)C	1	432.237	spectra/specs_ms.pklbin	CCMSLIB00000853386	9315	UPDATE-SINGLE-ANNOTATED-GOLD	 
5283	M+H	36062-04-1	0	Tetrahydrocurcumin	Isolated	N/A	0.0	spectra/specs_ms.pklbin5283	InChI=1S/C21H24O6/c1-26-20-11-14(5-9-18(20)24)3-7-16(22)13-17(23)8-4-15-6-10-19(25)21(12-15)27-2/h5-6,9-12,24-25H,3-4,7-8,13H2,1-2H3	N/A	LC-ESI-QTOF	Positive-10eV	LC-ESI	373.165	lib-00027.mgf	Bronze	3	0.936532	0.245341	9.15527e-05	1	METLIN	Metlin	373.165	N/A	252.3	6	N/A	1	373.164	spectra/specs_ms.pklbin	CCMSLIB00000500522	46232	UPDATE-SINGLE-ANNOTATED-BRONZE	 
5298	M+H	54232585	1	9-Oxo-10(E),12(E)-octadecadienoic acid	Isolated	NIST	0.0	spectra/specs_ms.pklbin5298	InChI=1S/C18H30O3/c1-2-3-4-5-6-8-11-14-17(19)15-12-9-7-10-13-16-18(20)21/h6,8,11,14H,2-5,7,9-10,12-13,15-16H2,1H3,(H,20,21)/b8-6+,14-11+	N/A	HCD	Positive	ESI	295.227	lib-00026.mgf	Bronze	3	0.863852	1.34381	0.000396729	1	NIST17	NIST	295.227	N/A	159.49	8	CCCCCC=CC=CC(=O)CCCCCCCC(=O)O	1	295.226	spectra/specs_ms.pklbin	CCMSLIB00003431157	8221	UPDATE-SINGLE-ANNOTATED-BRONZE	 
5334	M+H	123284	1	Spectral Match to Propanoic acid, 3,3'-thiobis-, didodecyl ester from NIST14	Isolated	Data deposited by Oliver_Vining	0.0	spectra/specs_ms.pklbin5334	N/A	N/A	QqQ	Positive	ESI	515.413	lib-00025.mgf	Bronze	3	0.943044	5.09206	0.00262451	1	GNPS-NIST14-MATCHES	Data from Kerry McPhail	515.413	N/A	583.88	8	N/A	1	515.41	spectra/specs_ms.pklbin	CCMSLIB00003134820	11426	UPDATE-SINGLE-ANNOTATED-BRONZE	 
541	[M+H]+	N/A	1	MoNA:784624 Linoleic acid	isolated	MoNA	0.0	spectra/specs_ms.pklbin541	InChI=1/C18H32O2/c1-2-3-4-5-6-7-8-9-10-11-12-13-14-15-16-17-18(19)20/h6-7,9-10H,2-5,8,11-17H2,1H3,(H,19,20)/b7-6-,10-9-/f/h19H	N/A	LC-ESI-QFT	 	LC-ESI-QFT	281.247	lib-00024.mgf	Bronze	3	0.813505	0.325524	9.15527e-05	1	MONA	MoNA	281.247	N/A	376.81	9	N/A	1	281.247	spectra/specs_ms.pklbin	CCMSLIB00000568003	54199	UPDATE-SINGLE-ANNOTATED-BRONZE	 Polyunsaturated Omega-6 Fatty Acid[Chemical Family]
5428	M+H	57681	1	Spectral Match to Sulfamethazine from NIST14	Isolated	Data deposited by dfloros	0.0	spectra/specs_ms.pklbin5428	N/A	N/A	QqQ	Positive	ESI	279.091	lib-00025.mgf	Bronze	3	0.91985	0.328039	9.15527e-05	1	GNPS-NIST14-MATCHES	Data from P Dorrestein	279.091	N/A	163.69	7	N/A	1	279.091	spectra/specs_ms.pklbin	CCMSLIB00003137995	65808	UPDATE-SINGLE-ANNOTATED-BRONZE	 
5458	M+H	506172	1	cis-Vaccenic acid	Isolated	NIST	0.0	spectra/specs_ms.pklbin5458	InChI=1S/C18H34O2/c1-2-3-4-5-6-7-8-9-10-11-12-13-14-15-16-17-18(19)20/h7-8H,2-6,9-17H2,1H3,(H,19,20)/b8-7-	N/A	IT-FT/ion trap with FTMS	Positive	ESI	283.263	lib-00026.mgf	Bronze	3	0.701322	2.47792	0.000701904	1	NIST17	NIST	283.263	N/A	558.23	6	CCCCCCC=CCCCCCCCCCC(=O)O	1	283.263	spectra/specs_ms.pklbin	CCMSLIB00003722124	2982	UPDATE-SINGLE-ANNOTATED-BRONZE	 
5634	M+H	36062-04-1	0	Tetrahydrocurcumin	Isolated	N/A	0.0	spectra/specs_ms.pklbin5634	InChI=1S/C21H24O6/c1-26-20-11-14(5-9-18(20)24)3-7-16(22)13-17(23)8-4-15-6-10-19(25)21(12-15)27-2/h5-6,9-12,24-25H,3-4,7-8,13H2,1-2H3	N/A	LC-ESI-QTOF	Positive-10eV	LC-ESI	373.165	lib-00027.mgf	Bronze	3	0.942516	0.245341	9.15527e-05	1	METLIN	Metlin	373.165	N/A	290.73	7	N/A	1	373.164	spectra/specs_ms.pklbin	CCMSLIB00000500522	332934	UPDATE-SINGLE-ANNOTATED-BRONZE	 
568	M+H	N/A	1	Spectral Match to PyroGlu-Ile from NIST14	Isolated	Data deposited by kduncan	0.0	spectra/specs_ms.pklbin568	N/A	N/A	IT/ion trap	Positive	ESI	243.134	lib-00025.mgf	Bronze	3	0.769383	3.32621	0.000808716	1	GNPS-NIST14-MATCHES	Data from Dr. Katherine R. Duncan	243.134	N/A	148.1	6	N/A	1	243.133	spectra/specs_ms.pklbin	CCMSLIB00003137597	29508	UPDATE-SINGLE-ANNOTATED-BRONZE	 
5684	M+H	80320	1	Spectral Match to Sulfachloropyridazine from NIST14	Isolated	Data deposited by aaksenov	0.0	spectra/specs_ms.pklbin5684	N/A	N/A	QqQ	Positive	ESI	285.02	lib-00025.mgf	Bronze	3	0.97657	4.28287	0.0012207	1	GNPS-NIST14-MATCHES	Data from Rob Knight	285.02	N/A	177.81	7	N/A	1	285.021	spectra/specs_ms.pklbin	CCMSLIB00003137492	41060	UPDATE-SINGLE-ANNOTATED-BRONZE	 
570	M+H	478931827	1	Spectral Match to trans-EKODE-(E)-Ib from NIST14	Isolated	Data deposited by amelnik	0.0	spectra/specs_ms.pklbin570	N/A	N/A	HCD	Positive	ESI	311.221	lib-00025.mgf	Bronze	3	0.76724	1.27475	0.000396729	1	GNPS-NIST14-MATCHES	Data from Rob Knight 	311.221	N/A	274.28	6	N/A	1	311.221	spectra/specs_ms.pklbin	CCMSLIB00003135501	8606	UPDATE-SINGLE-ANNOTATED-BRONZE	 
5785	M+H	111974697	1	Spectral Match to Quetiapine from NIST14	Isolated	Data deposited by negarg	0.0	spectra/specs_ms.pklbin5785	N/A	N/A	QqQ	Positive	in source ESI	384.182	lib-00025.mgf	Bronze	3	0.970564	22.9568	0.00881958	1	GNPS-NIST14-MATCHES	Data from Dorrestein	384.182	N/A	214.4	9	N/A	1	384.173	spectra/specs_ms.pklbin	CCMSLIB00003140182	12032	UPDATE-SINGLE-ANNOTATED-BRONZE	 
5809	M+H-H2O	36062041	1	Tetrahydrocurcumin	Isolated	NIST	0.0	spectra/specs_ms.pklbin5809	InChI=1S/C21H24O6/c1-26-20-11-14(5-9-18(20)24)3-7-16(22)13-17(23)8-4-15-6-10-19(25)21(12-15)27-2/h5-6,9-12,24-25H,3-4,7-8,13H2,1-2H3	N/A	HCD	Positive	ESI	355.154	lib-00026.mgf	Bronze	3	0.703856	0.343711	0.00012207	1	NIST17	NIST	355.154	N/A	256.79	6	COC1=C(C=CC(=C1)CCC(=O)CC(=O)CCC2=CC(=C(C=C2)O)OC)O	1	355.154	spectra/specs_ms.pklbin	CCMSLIB00003271333	77802	UPDATE-SINGLE-ANNOTATED-BRONZE	 
5911	M+H	59431968	1	Di(2-nonyl) phthalate	Isolated	NIST	0.0	spectra/specs_ms.pklbin5911	InChI=1S/C26H42O4/c1-5-7-9-11-13-17-21(3)29-25(27)23-19-15-16-20-24(23)26(28)30-22(4)18-14-12-10-8-6-2/h15-16,19-22H,5-14,17-18H2,1-4H3	N/A	HCD	Positive	ESI	419.316	lib-00026.mgf	Bronze	3	0.743587	3.85731	0.00161743	1	NIST17	NIST	419.316	N/A	218.44	6	CCCCCCCC(C)OC(=O)C1=CC=CC=C1C(=O)OC(C)CCCCCCC	1	419.314	spectra/specs_ms.pklbin	CCMSLIB00003718936	2920	UPDATE-SINGLE-ANNOTATED-BRONZE	 
5944	[M+H]	N/A	1	Nobiletin	Commercial	Garg_Neha	402.131	spectra/specs_ms.pklbin5944	N/A	N/A	qTof	Positive	LC-ESI	403.139	lib-00004.mgf	Gold	1	0.89915	5.45039	0.00219727	1	GNPS-NIH-CLINICALCOLLECTION1	Dorrestein	403.139	N/A	305.1	9	COc1ccc(cc1OC)c2cc(=O)c3c(OC)c(OC)c(OC)c(OC)c3o2	1	403.137	spectra/specs_ms.pklbin	CCMSLIB00000078911	74405	UPDATE-SINGLE-ANNOTATED-GOLD	 
5956	M+NH4	n/a	1	NCGC00385199-01!2-[3,4-bis[[(2S,3R,4S,5S,6R)-3,4,5-trihydroxy-6-(hydroxymethyl)oxan-2-yl]oxy]phenyl]-5,7-dihydroxychromen-4-one	isolated	lfnothias	610.153	spectra/specs_ms.pklbin5956	InChI=1S/C27H30O16/c28-7-17-20(33)22(35)24(37)26(42-17)40-13-2-1-9(14-6-12(32)19-11(31)4-10(30)5-16(19)39-14)3-15(13)41-27-25(38)23(36)21(34)18(8-29)43-27/h1-6,17-18,20-31,33-38H,7-8H2/t17-,18-,20-,21-,22+,23+,24-,25-,26-,27-/m1/s1	N/A	Maxis II HD Q-TOF Bruker	positive	LC-ESI	628.187	lib-00001.mgf	Gold	1	0.774404	11.5621	0.00726318	1	GNPS-NIH-NATURALPRODUCTSLIBRARY_ROUND2_POSITIVE	Jadhav/Dorrestein	628.187	n/a	204.02	18	OC[C@H]1O[C@@H](OC2=C(O[C@@H]3O[C@H](CO)[C@@H](O)[C@H](O)[C@H]3O)C=C(C=C2)C4=CC(=O)C5=C(O)C=C(O)C=C5O4)[C@H](O)[C@@H](O)[C@@H]1O	1	628.194	spectra/specs_ms.pklbin	CCMSLIB00000847749	60456	UPDATE-SINGLE-ANNOTATED-GOLD	 
6	[M+H]+	50-48-6	1	Massbank:FIO00474 Amitryptiline	Isolated	Massbank	0.0	spectra/specs_ms.pklbin6	1S/C20H23N/c1-21(2)15-7-12-20-18-10-5-3-8-16(18)13-14-17-9-4-6-11-19(17)20/h3-6,8-12H,7,13-15H2,1-2H3	N/A	LC-ESI-QTOF	Positive	ESI	278.191	lib-00003.mgf	Bronze	3	0.965945	2.9619	0.000823975	1	MASSBANK	Putative Massbank Match	278.191	N/A	251.35	11	CN(C)CCC=C(c21)c(c3)c(ccc3)CCc(cccc2)1	1	278.19	spectra/specs_ms.pklbin	CCMSLIB00000214320	143538	UPDATE-SINGLE-ANNOTATED-BRONZE	 
6042	M+H	35554-44-0	1	Pesticide4_Imazalil_C14H14Cl2N2O_Freshgard	commercial	lfnothias	296.048	spectra/specs_ms.pklbin6042	InChI=1S/C14H14Cl2N2O/c1-2-7-19-14(9-18-6-5-17-10-18)12-4-3-11(15)8-13(12)16/h2-6,8,10,14H,1,7,9H2	N/A	Maxis HD qTOF	positive	LC-ESI	297.055	lib-00017.mgf	Gold	1	0.826035	0.719136	0.000213623	1	GNPS-COLLECTIONS-PESTICIDES-POSITIVE	Dorrestein/Touboul	297.055	n/a	238.79	6	C=CCOC(CN1C=CN=C1)C2=C(C=C(C=C2)Cl)Cl	1	297.055	spectra/specs_ms.pklbin	CCMSLIB00001058911	1614	UPDATE-SINGLE-ANNOTATED-GOLD	 
6049	M+H	50974771	1	Heptapropylene glycol	Isolated	NIST	0.0	spectra/specs_ms.pklbin6049	InChI=1S/C21H44O8/c1-15(23)9-24-17(3)11-26-19(5)13-28-21(7)14-29-20(6)12-27-18(4)10-25-16(2)8-22/h15-23H,8-14H2,1-7H3	N/A	Q-TOF	Positive	ESI	425.311	lib-00026.mgf	Bronze	3	0.785803	2.15261	0.000915527	1	NIST17	NIST	425.311	N/A	141.69	8	CC(CO)OCC(C)OCC(C)OCC(C)OCC(C)OCC(C)OCC(C)O	1	425.31	spectra/specs_ms.pklbin	CCMSLIB00003231118	7410	UPDATE-SINGLE-ANNOTATED-BRONZE	 
6104	M+H	112845	1	Erucamide	Isolated	NIST	0.0	spectra/specs_ms.pklbin6104	InChI=1S/C22H43NO/c1-2-3-4-5-6-7-8-9-10-11-12-13-14-15-16-17-18-19-20-21-22(23)24/h9-10H,2-8,11-21H2,1H3,(H2,23,24)/b10-9-	N/A	HCD	Positive	ESI	338.342	lib-00026.mgf	Bronze	3	0.866583	1.17257	0.000396729	1	NIST17	NIST	338.342	N/A	216.69	12	CCCCCCCCC=CCCCCCCCCCCCC(=O)N	1	338.341	spectra/specs_ms.pklbin	CCMSLIB00003270768	30499	UPDATE-SINGLE-ANNOTATED-BRONZE	 
616	M+H	154234	1	Spectral Match to (+)-Catechin from NIST14	Isolated	Data deposited by mwang87	0.0	spectra/specs_ms.pklbin616	N/A	N/A	Q-TOF	Positive	ESI	291.085	lib-00025.mgf	Bronze	3	0.987307	3.45975	0.00100708	1	GNPS-NIST14-MATCHES	Data from Pieter Dorrestein	291.085	N/A	134.1	9	N/A	1	291.086	spectra/specs_ms.pklbin	CCMSLIB00003135476	45908	UPDATE-SINGLE-ANNOTATED-BRONZE	 
6178	M+H	481538	1	Spectral Match to Tangeritin from NIST14	Isolated	Data deposited by amelnik	0.0	spectra/specs_ms.pklbin6178	N/A	N/A	Q-TOF	Positive	ESI	373.128	lib-00025.mgf	Bronze	3	0.916277	0	0	1	GNPS-NIST14-MATCHES	Data from P.Dorrestein	373.128	N/A	299.26	7	N/A	1	373.128	spectra/specs_ms.pklbin	CCMSLIB00003137516	70344	UPDATE-SINGLE-ANNOTATED-BRONZE	 
6260	[M+H]+	N/A	1	Massbank: Sulfadimethoxine	Isolated	Massbank	0.0	spectra/specs_ms.pklbin6260	1S/C12H14N4O4S/c1-19-11-7-10(14-12(15-11)20-2)16-21(17,18)9-5-3-8(13)4-6-9/h3-7H,13H2,1-2H3,(H,14,15,16)	N/A	LC-ESI-QTOF	Positive	ESI	311.082	lib-00003.mgf	Bronze	3	0.95787	2.25633	0.000701904	1	MASSBANK	Putative Massbank Match	311.082	N/A	212.31	9	[H]C([H])([H])Oc(n2)nc(c([H])c(OC([H])([H])[H])2)N([H])S(=O)(=O)c(c([H])1)c([H])c([H])c(N([H])[H])c([H])1	1	311.081	spectra/specs_ms.pklbin	CCMSLIB00000206398	32373	UPDATE-SINGLE-ANNOTATED-BRONZE	 
6280	M+H	52794817	1	Octapropylene glycol	Isolated	NIST	0.0	spectra/specs_ms.pklbin6280	InChI=1S/C24H50O9/c1-17(26)10-27-19(3)12-29-21(5)14-31-23(7)16-33-24(8)15-32-22(6)13-30-20(4)11-28-18(2)9-25/h17-26H,9-16H2,1-8H3	N/A	Q-TOF	Positive	ESI	483.353	lib-00026.mgf	Bronze	3	0.799266	0.189412	9.15527e-05	1	NIST17	NIST	483.353	N/A	150.78	13	CC(CO)OCC(C)OCC(C)OCC(C)OCC(C)OCC(C)OCC(C)OCC(C)O	1	483.353	spectra/specs_ms.pklbin	CCMSLIB00003231135	19824	UPDATE-SINGLE-ANNOTATED-BRONZE	 
63	M+H	123-78-4	1	C18_Sphingosine	Commercial standard	Amina	299.282	spectra/specs_ms.pklbin63	N/A	N/A	Q-TOF	Positive	ESI	300.29	lib-00011.mgf	Silver	2	0.907806	1.01627	0.000305176	1	GNPS-LIBRARY	Dorrestein	300.29	N/A	334.48	10	CCCCCCCCCCCCCC=CC(C(CO)N)O	1	300.29	spectra/specs_ms.pklbin	CCMSLIB00000077202	375000	UPDATE-SINGLE-ANNOTATED-SILVER	 
6326	[M+H]	144-82-1	1	Sulfamethizole (Proklar)	Commercial	Garg_Neha	270.025	spectra/specs_ms.pklbin6326	N/A	N/A	qTof	Positive	LC-ESI	271.032	lib-00016.mgf	Gold	1	0.920959	0.788184	0.000213623	1	GNPS-SELLECKCHEM-FDA-PART2	Dorrestein	271.032	N/A	152.78	6	C1=C(C=CC(=C1)S(NC2SC(=NN=2)C)(=O)=O)N	1	271.032	spectra/specs_ms.pklbin	CCMSLIB00000078357	16629	UPDATE-SINGLE-ANNOTATED-GOLD	 
6339	M+H	52828769	1	Nonapropylene glycol	Isolated	NIST	0.0	spectra/specs_ms.pklbin6339	InChI=1S/C27H56O10/c1-19(29)11-30-21(3)13-32-23(5)15-34-25(7)17-36-27(9)18-37-26(8)16-35-24(6)14-33-22(4)12-31-20(2)10-28/h19-29H,10-18H2,1-9H3	N/A	Q-TOF	Positive	ESI	541.395	lib-00026.mgf	Bronze	3	0.783566	1.35284	0.000732422	1	NIST17	NIST	541.395	N/A	154.9	12	CC(CO)OCC(C)OCC(C)OCC(C)OCC(C)OCC(C)OCC(C)OCC(C)OCC(C)O	1	541.395	spectra/specs_ms.pklbin	CCMSLIB00003231151	22935	UPDATE-SINGLE-ANNOTATED-BRONZE	 
652	M+H	111035	1	Monoolein	Isolated	NIST	0.0	spectra/specs_ms.pklbin652	InChI=1S/C21H40O4/c1-2-3-4-5-6-7-8-9-10-11-12-13-14-15-16-17-21(24)25-19-20(23)18-22/h9-10,20,22-23H,2-8,11-19H2,1H3/b10-9-	N/A	HCD	Positive	ESI	357.3	lib-00026.mgf	Bronze	3	0.810695	0.256235	9.15527e-05	1	NIST17	NIST	357.3	N/A	442.11	11	CCCCCCCCC=CCCCCCCCC(=O)OCC(CO)O	1	357.3	spectra/specs_ms.pklbin	CCMSLIB00003283402	26480	UPDATE-SINGLE-ANNOTATED-BRONZE	 
710	M+H	111580	1	N-Oleoylethanolamine	Isolated	NIST	0.0	spectra/specs_ms.pklbin710	InChI=1S/C20H39NO2/c1-2-3-4-5-6-7-8-9-10-11-12-13-14-15-16-17-20(23)21-18-19-22/h9-10,22H,2-8,11-19H2,1H3,(H,21,23)/b10-9-	N/A	IT-FT/ion trap with FTMS	Positive	ESI	326.305	lib-00026.mgf	Bronze	3	0.831678	0.374098	0.00012207	1	NIST17	NIST	326.305	N/A	420.37	10	CCCCCCCCC=CCCCCCCCC(=O)NCCO	1	326.306	spectra/specs_ms.pklbin	CCMSLIB00003483746	121152	UPDATE-SINGLE-ANNOTATED-BRONZE	 
748	M+H	17364168	1	1-Palmitoyl-sn-glycero-3-phosphocholine	Isolated	NIST	0.0	spectra/specs_ms.pklbin748	InChI=1S/C24H50NO7P/c1-5-6-7-8-9-10-11-12-13-14-15-16-17-18-24(27)30-21-23(26)22-32-33(28,29)31-20-19-25(2,3)4/h23,26H,5-22H2,1-4H3/t23-/m1/s1	N/A	Q-TOF	Positive	ESI	496.34	lib-00026.mgf	Bronze	3	0.850095	1.04525	0.000518799	1	NIST17	NIST	496.34	N/A	358.9	7	CCCCCCCCCCCCCCCC(=O)OCC(COP(=O)([O-])OCC[N+](C)(C)C)O	1	496.339	spectra/specs_ms.pklbin	CCMSLIB00003235171	39612	UPDATE-SINGLE-ANNOTATED-BRONZE	 
764	M+NH4	542449	1	Spectral Match to 1-Hexadecanoyl-sn-glycerol from NIST14	Isolated	Data deposited by negarg	0.0	spectra/specs_ms.pklbin764	N/A	N/A	QqIT	Positive	ESI	348.308	lib-00025.mgf	Bronze	3	0.830459	7.44741	0.00259399	1	GNPS-NIST14-MATCHES	Data from Pieter C. Dorrestein	348.308	N/A	433.92	9	N/A	1	348.311	spectra/specs_ms.pklbin	CCMSLIB00003135942	15776	UPDATE-SINGLE-ANNOTATED-BRONZE	 
765	M+H-H2O	542449	1	1-Palmitoylglycerol	Isolated	NIST	0.0	spectra/specs_ms.pklbin765	InChI=1S/C19H38O4/c1-2-3-4-5-6-7-8-9-10-11-12-13-14-15-19(22)23-17-18(21)16-20/h18,20-21H,2-17H2,1H3	N/A	IT-FT/ion trap with FTMS	Positive	ESI	313.274	lib-00026.mgf	Bronze	3	0.779046	1.36381	0.000427246	1	NIST17	NIST	313.274	N/A	435.28	7	CCCCCCCCCCCCCCCC(=O)OCC(CO)O	1	313.273	spectra/specs_ms.pklbin	CCMSLIB00003377015	7519	UPDATE-SINGLE-ANNOTATED-BRONZE	 
787	M+H-2H2O	29388598	1	(-)-Secoisolariciresinol	Isolated	NIST	0.0	spectra/specs_ms.pklbin787	InChI=1S/C20H26O6/c1-25-19-9-13(3-5-17(19)23)7-15(11-21)16(12-22)8-14-4-6-18(24)20(10-14)26-2/h3-6,9-10,15-16,21-24H,7-8,11-12H2,1-2H3/t15-,16-/m0/s1	N/A	HCD	Positive	ESI	327.159	lib-00026.mgf	Bronze	3	0.821188	0	0	1	NIST17	NIST	327.159	N/A	186.66	9	COC1=C(C=CC(=C1)CC(CO)C(CC2=CC(=C(C=C2)O)OC)CO)O	1	327.159	spectra/specs_ms.pklbin	CCMSLIB00003590089	11316	UPDATE-SINGLE-ANNOTATED-BRONZE	 
790	M+H	N/A	1	Spectral Match to PyroGlu-Phe from NIST14	Isolated	Data deposited by daniel	0.0	spectra/specs_ms.pklbin790	N/A	N/A	Q-TOF	Positive	ESI	277.119	lib-00025.mgf	Bronze	3	0.88221	3.96448	0.00109863	1	GNPS-NIST14-MATCHES	Data from System Wide MS course 	277.119	N/A	162.46	8	N/A	1	277.118	spectra/specs_ms.pklbin	CCMSLIB00003137591	20112	UPDATE-SINGLE-ANNOTATED-BRONZE	 
795	M+H	n/a	1	NCGC00180666-02!(2R,3S,4S,5R,6S)-2-[(3,4,5-trihydroxyoxan-2-yl)oxymethyl]-6-(3,4,5-trimethoxyphenoxy)oxane-3,4,5-triol	isolated	lfnothias	478.169	spectra/specs_ms.pklbin795	InChI=1S/C20H30O13/c1-27-10-4-8(5-11(28-2)18(10)29-3)32-20-17(26)15(24)14(23)12(33-20)7-31-19-16(25)13(22)9(21)6-30-19/h4-5,9,12-17,19-26H,6-7H2,1-3H3/t9?,12-,13?,14-,15+,16?,17-,19?,20-/m1/s1	N/A	Maxis II HD Q-TOF Bruker	positive	LC-ESI	479.176	lib-00001.mgf	Gold	1	0.865126	0.827939	0.000396729	1	GNPS-NIH-NATURALPRODUCTSLIBRARY_ROUND2_POSITIVE	Jadhav/Dorrestein	479.176	n/a	144.88	15	COC1=CC(O[C@@H]2O[C@H](COC3OCC(O)C(O)C3O)[C@@H](O)[C@H](O)[C@H]2O)=CC(OC)=C1OC	1	479.176	spectra/specs_ms.pklbin	CCMSLIB00000848140	105266	UPDATE-SINGLE-ANNOTATED-GOLD	 
806	M+H-H2O	2420566	1	10E,12Z-octadecadienoic acid	Isolated	NIST	0.0	spectra/specs_ms.pklbin806	InChI=1S/C18H32O2/c1-2-3-4-5-6-7-8-9-10-11-12-13-14-15-16-17-18(19)20/h6-9H,2-5,10-17H2,1H3,(H,19,20)/b7-6-,9-8+	N/A	IT-FT/ion trap with FTMS	Positive	ESI	263.237	lib-00026.mgf	Bronze	3	0.863216	0.811524	0.000213623	1	NIST17	NIST	263.237	N/A	376.06	8	CCCCCC=CC=CCCCCCCCCC(=O)O	1	263.237	spectra/specs_ms.pklbin	CCMSLIB00003328912	7385	UPDATE-SINGLE-ANNOTATED-BRONZE	 
841	M+H	51937009	1	(Z,E)-Tetradeca-9,12-dienol	Isolated	NIST	0.0	spectra/specs_ms.pklbin841	InChI=1S/C14H26O/c1-2-3-4-5-6-7-8-9-10-11-12-13-14-15/h2-3,5-6,15H,4,7-14H2,1H3/b3-2+,6-5-	N/A	IT-FT/ion trap with FTMS	Positive	ESI	211.206	lib-00026.mgf	Bronze	3	0.832666	0	0	1	NIST17	NIST	211.206	N/A	421.65	7	CC=CCC=CCCCCCCCCO	1	211.206	spectra/specs_ms.pklbin	CCMSLIB00003294151	8424	UPDATE-SINGLE-ANNOTATED-BRONZE	 
849	M+H	506434	1	Spectral Match to cis,cis-9,12-Octadecadien-1-ol from NIST14	Isolated	Data deposited by negarg	0.0	spectra/specs_ms.pklbin849	N/A	N/A	HCD	Positive	ESI	267.268	lib-00025.mgf	Bronze	3	0.766833	0.34255	9.15527e-05	1	GNPS-NIST14-MATCHES	Data from Pieter C Dorrestein	267.268	N/A	493.12	6	N/A	1	267.268	spectra/specs_ms.pklbin	CCMSLIB00003137290	2991	UPDATE-SINGLE-ANNOTATED-BRONZE	 
854	M+NH4	n/a	1	NCGC00180666-02!(2R,3S,4S,5R,6S)-2-[(3,4,5-trihydroxyoxan-2-yl)oxymethyl]-6-(3,4,5-trimethoxyphenoxy)oxane-3,4,5-triol	isolated	lfnothias	478.169	spectra/specs_ms.pklbin854	InChI=1S/C20H30O13/c1-27-10-4-8(5-11(28-2)18(10)29-3)32-20-17(26)15(24)14(23)12(33-20)7-31-19-16(25)13(22)9(21)6-30-19/h4-5,9,12-17,19-26H,6-7H2,1-3H3/t9?,12-,13?,14-,15+,16?,17-,19?,20-/m1/s1	N/A	Maxis II HD Q-TOF Bruker	positive	LC-ESI	496.203	lib-00001.mgf	Gold	1	0.769189	2.02957	0.00100708	1	GNPS-NIH-NATURALPRODUCTSLIBRARY_ROUND2_POSITIVE	Jadhav/Dorrestein	496.203	n/a	145.01	13	COC1=CC(O[C@@H]2O[C@H](COC3OCC(O)C(O)C3O)[C@@H](O)[C@H](O)[C@H]2O)=CC(OC)=C1OC	1	496.202	spectra/specs_ms.pklbin	CCMSLIB00000848141	85935	UPDATE-SINGLE-ANNOTATED-GOLD	 
855	M+H	N/A	1	Spectral Match to PyroGlu-Val from NIST14	Isolated	Data deposited by fevargas	0.0	spectra/specs_ms.pklbin855	N/A	N/A	Q-TOF	Positive	ESI	229.118	lib-00025.mgf	Bronze	3	0.71827	0.865773	0.000198364	1	GNPS-NIST14-MATCHES	Data from Joshua Wollam	229.118	N/A	101.53	6	N/A	1	229.118	spectra/specs_ms.pklbin	CCMSLIB00003139626	12568	UPDATE-SINGLE-ANNOTATED-BRONZE	 
894	M+H	N/A	1	Sodium_Laureth_Sulfate	Cosmetic _raw meterial	Amina	354.208	spectra/specs_ms.pklbin894	N/A	N/A	Q-TOF	Positive	ESI	355.215	lib-00011.mgf	Silver	2	0.817996	1.37461	0.000488281	1	GNPS-LIBRARY	Dorrestein	355.215	N/A	357.89	13	N/A	1	355.215	spectra/specs_ms.pklbin	CCMSLIB00000077209	207348	UPDATE-SINGLE-ANNOTATED-SILVER	Soap[Source Environment]||Detergent[Source Environment]||Cleaning Products[Source Environment]||Shampoo[Source Environment]||Ethoxyl Group[Chemical Family]||Cosmetic Products [Source Environment]||Bath Products[Source Environment]
901	M+H	54921-60-7	0	7-Oxo-11-dodecenoic acid	Isolated	N/A	0.0	spectra/specs_ms.pklbin901	N/A	N/A	LC-ESI-QTOF	Positive-10eV	LC-ESI	213.148	lib-00027.mgf	Bronze	3	0.717593	2.2908	0.000488281	1	METLIN	Metlin	213.148	N/A	253.38	7	N/A	1	213.148	spectra/specs_ms.pklbin	CCMSLIB00000492362	7712	UPDATE-SINGLE-ANNOTATED-BRONZE	 
925	M+H	26761400	1	Spectral Match to Diisodecyl phthalate from NIST14	Isolated	Data deposited by marjo	0.0	spectra/specs_ms.pklbin925	N/A	N/A	QqQ	Positive	ESI	447.35	lib-00025.mgf	Bronze	3	0.815233	10.0963	0.0045166	1	GNPS-NIST14-MATCHES	Data from Maria Maansson	447.35	N/A	552.47	8	N/A	1	447.345	spectra/specs_ms.pklbin	CCMSLIB00003139387	41158	UPDATE-SINGLE-ANNOTATED-BRONZE	 
946	M+H-C2H6O	163520330	1	Isoxadifen-ethyl	Isolated	NIST	0.0	spectra/specs_ms.pklbin946	InChI=1S/C18H17NO3/c1-2-21-17(20)16-13-18(22-19-16,14-9-5-3-6-10-14)15-11-7-4-8-12-15/h3-12H,2,13H2,1H3	N/A	HCD	Positive	ESI	250.086	lib-00026.mgf	Bronze	3	0.914917	0	0	1	NIST17	NIST	250.086	N/A	440.49	6	CCOC(=O)C1=NOC(C1)(C2=CC=CC=C2)C3=CC=CC=C3	1	250.086	spectra/specs_ms.pklbin	CCMSLIB00003562354	167492	UPDATE-SINGLE-ANNOTATED-BRONZE	 
948	M+H	123944	1	1-Stearoyl-rac-glycerol	Isolated	NIST	0.0	spectra/specs_ms.pklbin948	InChI=1S/C21H42O4/c1-2-3-4-5-6-7-8-9-10-11-12-13-14-15-16-17-21(24)25-19-20(23)18-22/h20,22-23H,2-19H2,1H3	N/A	Q-TOF	Positive	ESI	359.316	lib-00026.mgf	Bronze	3	0.738324	2.29318	0.000823975	1	NIST17	NIST	359.316	N/A	469.58	10	CCCCCCCCCCCCCCCCCC(=O)OCC(CO)O	1	359.315	spectra/specs_ms.pklbin	CCMSLIB00003185828	101516	UPDATE-SINGLE-ANNOTATED-BRONZE	 
949	M+H	 	0	Likely similar to laureth sulfate A +28 Da compared sodium laureth sulfate	Other	Dorrestein	0.0	spectra/specs_ms.pklbin949	 	 	qTof	Positive	LC-ESI	383.246	lib-00011.mgf	Bronze	3	0.861257	0.477775	0.000183105	1	GNPS-LIBRARY	Dorrestein	383.246	 	400.94	7	 	1	383.246	spectra/specs_ms.pklbin	CCMSLIB00000478609	87028	UPDATE-SINGLE-ANNOTATED-BRONZE	 
